t,load::E at 19.5 m of the blade,load::E at 41 m of the blade,load::F at 19.5 m of the blade,load::F at 41 m of the blade,strain::Leaf 19.5 m after strain,strain::Leaf 19.5 m before strain,strain::Leaf 41 m after strain,strain::Leaf 41 m before strain,vibration::Y at 19.5 m of the blade,vibration::Y at 41 m of the blade,vibration::Z at 19.5 m of the blade,vibration::Z at 41 m of the blade,wind_speed,rotate_speed,pitch_angle,wind_power
2023-08-16 00:00:00,359.28015,-4.8389,1552.1974500000001,541.54895,229.99305,794.4217000000001,233.10815,569.3094,1.60765,1.2229,0.12905,0.45220000000000005,6.3,7.545,3.06,597.0
2023-08-16 00:01:00,562.09265,56.5166,1620.088,595.2089,328.5716,835.1366499999999,274.961,587.0359,1.65755,1.23065,0.0954,0.29000000000000004,6.4,7.505,1.8650000000000002,659.0
2023-08-16 00:02:00,553.794,21.9988,1717.24145,618.04825,285.68960000000004,912.8581999999999,283.72569999999996,651.5391,1.6320999999999999,1.2157,0.2211,0.4465,6.35,7.29,0.14,635.5
2023-08-16 00:03:00,444.21664999999996,3.7982,1581.62155,593.78095,257.2964,837.6664,260.2599,605.2654,1.64275,1.22125,0.2052,0.41525,5.6,7.075,0.14,483.0
2023-08-16 00:04:00,603.16265,41.4928,1629.1217499999998,598.26485,320.8875,847.33365,290.4988,611.0113,1.6509,1.2424,0.07145,0.35435,5.1,7.44,0.44,468.5
2023-08-16 00:05:00,267.86755,-2.59915,1354.2528499999999,488.78155,237.74214999999998,717.2261000000001,193.03064999999998,531.04075,1.601,1.20735,0.20415,0.4145,6.35,7.475,3.885,594.0
2023-08-16 00:06:00,634.1073,59.72445,1772.09575,635.4018000000001,334.17785000000003,867.69245,296.19425,622.1712,1.6524,1.2067999999999999,0.0302,0.24659999999999999,6.5,7.6,0.12,717.5
2023-08-16 00:07:00,414.04044999999996,-12.67795,1718.95035,625.7362499999999,260.12925,919.2628500000001,271.85735,647.29895,1.638,1.20575,0.19945000000000002,0.4889,6.0,7.445,0.215,610.0
2023-08-16 00:08:00,508.17545,45.14065,1610.31645,563.9037,317.3397,803.81185,277.18815,593.12415,1.6747,1.24895,0.1822,0.3248,6.0,7.53,2.05,615.0
2023-08-16 00:09:00,408.168,-4.53695,1612.17525,597.62955,263.4278,870.1934,239.6462,621.5844,1.62205,1.21665,0.20235,0.44530000000000003,7.1,7.65,2.645,725.5
2023-08-16 00:10:00,364.92235,-33.6602,1929.7648,674.6973,291.27025000000003,999.63285,281.01340000000005,659.8784,1.6696499999999999,1.194,0.19105,0.486,7.35,8.51,2.44,1021.5
2023-08-16 00:11:00,490.65935,-7.1466,2084.6693,730.4829,294.2027,1078.1633499999998,306.76070000000004,720.5509999999999,1.64165,1.1671,0.17195,0.5116499999999999,7.8,8.605,1.085,1066.0
2023-08-16 00:12:00,571.6299,24.86235,2069.9209,698.08935,315.10465,1016.385,300.5014,684.16365,1.66975,1.2188500000000002,0.07165,0.316,7.2,8.46,1.66,979.0
2023-08-16 00:13:00,696.7019,55.6808,2165.13475,754.6542,368.49435,1104.2272,325.44285,717.5206000000001,1.6662,1.21735,0.04,0.2415,7.2,8.54,0.625,1021.0
2023-08-16 00:14:00,366.11535000000003,-29.0938,1998.14145,710.45595,274.565,1035.0726,292.64459999999997,708.73975,1.6587,1.1566,0.29945,0.4902,7.3,8.605,2.09,1047.5
2023-08-16 00:15:00,668.77575,41.6107,2242.5110999999997,784.7595,364.55775,1142.6111999999998,350.0692,757.2543499999999,1.68685,1.204,0.06965,0.34914999999999996,7.0,8.71,0.245,1087.0
2023-08-16 00:16:00,506.22929999999997,5.5169999999999995,1904.23865,692.1514,306.106,938.0728,300.72405000000003,660.94175,1.6651500000000001,1.18415,0.1095,0.4024,6.55,7.93,0.11,801.0
2023-08-16 00:17:00,406.0402,-11.736650000000001,1858.83015,637.12525,272.81674999999996,980.47645,268.97055,655.047,1.6426,1.21205,0.18715,0.46285,7.4,8.26,2.76,931.0
2023-08-16 00:18:00,536.1711,19.2528,2089.1084,731.34295,335.62215000000003,1107.80505,325.77385000000004,719.0065,1.6677,1.2004,0.19240000000000002,0.52155,6.9,8.43,0.65,997.0
2023-08-16 00:19:00,533.6667,42.59015,1654.09535,605.91305,308.61789999999996,816.69095,261.89959999999996,611.01785,1.70675,1.1952,0.039150000000000004,0.30435,6.3,7.575,0.1,515.0
2023-08-16 00:20:00,264.4755,-22.06275,1500.2655,471.76374999999996,245.1342,788.4473,196.65224999999998,560.5955,1.5921500000000002,1.2347000000000001,0.1749,0.44079999999999997,7.6,7.605,6.46,707.5
2023-08-16 00:21:00,688.32925,55.525000000000006,2053.9419,720.2034,360.73005,1033.3242,307.88014999999996,702.608,1.6509,1.2217500000000001,0.03975,0.32115,7.75,8.545,1.475,1039.0
2023-08-16 00:22:00,691.8389,68.09989999999999,2069.1851500000002,734.60065,376.89045,1029.21865,319.35195,694.88465,1.65155,1.2076,0.07339999999999999,0.3192,7.35,8.524999999999999,0.155,1021.5
2023-08-16 00:23:00,505.9837,16.5135,1939.44585,681.587,300.2558,954.1428000000001,283.37025,670.1868999999999,1.6584500000000002,1.2247,0.12735000000000002,0.4061,6.7,8.07,0.995,847.0
2023-08-16 00:24:00,494.78520000000003,10.3997,1975.3852,682.8543500000001,318.59074999999996,993.7495,302.73055,669.741,1.6425,1.187,0.23909999999999998,0.43720000000000003,7.25,8.23,1.885,918.0
2023-08-16 00:25:00,543.38225,10.86235,1983.967,702.71735,323.13085,1042.9308999999998,315.1,700.84915,1.64135,1.21525,0.1641,0.4343,7.05,8.175,0.36,893.0
2023-08-16 00:26:00,484.93655,17.21565,1931.9801499999999,679.5654,320.09515,1021.70425,290.8742,683.56235,1.6333,1.1785,0.20174999999999998,0.36695,6.8,8.14,1.48,890.0
2023-08-16 00:27:00,478.39750000000004,10.901399999999999,1868.6738,658.5383999999999,310.71145,1002.73445,292.2205,680.8329,1.61105,1.2088,0.10435,0.34119999999999995,7.2,8.305,2.67,922.0
2023-08-16 00:28:00,755.27485,59.8155,2131.1013000000003,746.5935,398.38305,1164.2139499999998,352.08034999999995,746.93145,1.68615,1.2138,0.11115,0.4249,7.35,8.63,0.96,1075.5
2023-08-16 00:29:00,674.4976999999999,48.33895,2044.69885,733.0769499999999,340.5631,1113.1772999999998,337.33945,732.30465,1.62445,1.201,0.09465000000000001,0.348,6.7,8.235,0.16,920.0
2023-08-16 00:30:00,631.4676,37.83835,2033.3779,722.59265,355.1445,1066.9106000000002,329.48645,722.00045,1.69895,1.20135,0.15760000000000002,0.3784,6.5,8.1,0.32,874.0
2023-08-16 00:31:00,640.5084999999999,42.2704,2037.0385,722.24985,343.18435,1051.48245,339.18215,704.4214,1.6372499999999999,1.19325,0.09235,0.357,6.6,8.17,0.195,899.0
2023-08-16 00:32:00,483.49075,22.178,1865.28585,664.3841,309.21865,963.8681,290.5396,659.0498,1.6781000000000001,1.19185,0.15139999999999998,0.4554,6.9,7.94,0.9,813.0
2023-08-16 00:33:00,568.4942000000001,32.0714,1925.60075,689.03885,337.11850000000004,1020.54345,312.76265,684.80405,1.6571,1.2140499999999999,0.15505,0.3198,6.4,7.99,0.16,835.0
2023-08-16 00:34:00,500.10659999999996,26.26485,1786.4958000000001,661.55,304.5695,960.6116,295.0512,664.42935,1.67455,1.20655,0.19879999999999998,0.44345,6.15,7.64,0.2,726.0
2023-08-16 00:35:00,533.9154,31.19945,1730.5014,624.84295,300.35865,869.125,264.79395,615.8115499999999,1.6825,1.22595,0.12595,0.36839999999999995,6.7,7.73,1.6749999999999998,749.0
2023-08-16 00:36:00,496.91144999999995,9.07035,1970.85545,698.9362,308.012,1034.7021,293.14815,690.658,1.6442999999999999,1.2073,0.26905,0.4106,5.8,8.19,1.2650000000000001,905.0
2023-08-16 00:37:00,676.58905,38.17915,1989.5218,719.66845,352.0576,1033.33365,335.6361,685.2381,1.6564999999999999,1.23385,0.11760000000000001,0.3522,6.5,8.3,0.735,946.5
2023-08-16 00:38:00,622.2165,47.5403,2013.2959500000002,712.72245,335.34415,1028.5679,327.25475,699.6794,1.64005,1.2096,0.0687,0.36645,6.3,8.05,0.2,853.0
2023-08-16 00:39:00,521.5255999999999,16.1435,1931.8643,699.3429,305.0656,1047.8518,321.75194999999997,705.7526,1.6560000000000001,1.21495,0.20055,0.4212,6.7,8.0,0.38,836.5
2023-08-16 00:40:00,468.78875,9.7258,1904.0230999999999,671.27175,309.7981,974.2405,308.95635000000004,670.14395,1.6560000000000001,1.2175,0.18155,0.5827,6.4,7.875,0.225,806.0
2023-08-16 00:41:00,526.9654,36.5984,1894.12455,659.3376499999999,295.72355,957.6153999999999,282.71745,656.5106000000001,1.66715,1.1952500000000001,0.09445,0.4074,7.3,8.055,1.47,860.5
2023-08-16 00:42:00,540.4331500000001,22.84535,1955.5401,691.5017,316.32185000000004,1005.5999999999999,305.6562,683.76855,1.6564,1.20655,0.15535,0.3427,6.75,8.12,1.01,883.0
2023-08-16 00:43:00,431.71614999999997,7.39035,1905.59295,676.5349,304.34024999999997,1011.09015,290.72755,675.8335500000001,1.6736,1.19585,0.14975,0.38939999999999997,7.1,8.195,1.62,890.5
2023-08-16 00:44:00,449.37145,11.7265,1941.46945,701.9125,303.2013,1051.6468,288.4268,692.12405,1.6311499999999999,1.19585,0.241,0.37405,6.5,8.33,1.17,961.0
2023-08-16 00:45:00,518.9834000000001,1.93295,2057.56315,710.15005,321.03054999999995,1031.3374,299.64255,688.7826,1.6778499999999998,1.1959499999999998,0.11499999999999999,0.36724999999999997,7.55,8.715,2.65,1097.0
2023-08-16 00:46:00,649.32375,39.1864,2344.8741,816.40735,377.44785,1205.5349,357.3588,785.6158,1.65985,1.18505,0.21065,0.4607,8.0,9.165,0.49,1251.0
2023-08-16 00:47:00,718.74035,62.1581,2206.46515,748.7828999999999,376.83025,1123.0972,357.97545,736.69425,1.6808,1.21465,0.1133,0.36065,7.15,8.705,0.49,1065.0
2023-08-16 00:48:00,551.10505,15.7393,2124.12,742.8885,341.95945,1163.73405,339.25710000000004,750.02805,1.6415000000000002,1.19425,0.25365,0.3567,7.4,8.79,1.585,1120.0
2023-08-16 00:49:00,465.596,4.2778,2220.47855,788.22295,318.22835,1144.7053500000002,334.14465,745.19565,1.6522999999999999,1.1846,0.2776,0.5394,7.65,8.88,0.155,1155.5
2023-08-16 00:50:00,617.87835,32.8736,2149.37885,757.31025,351.10625000000005,1132.98565,333.56125,745.0115499999999,1.6928,1.2077,0.2318,0.4659,6.9,8.465,0.19,999.0
2023-08-16 00:51:00,522.58535,11.207699999999999,2094.7369,747.5623,318.1885,1118.17625,331.0739,745.6332,1.6560000000000001,1.185,0.20779999999999998,0.38945,6.55,8.33,0.12,950.0
2023-08-16 00:52:00,675.68745,58.0976,1963.6655,713.8183,342.16790000000003,1021.56115,316.305,693.74175,1.67015,1.2020499999999998,0.1516,0.30355,6.5,8.0,0.15,839.5
2023-08-16 00:53:00,506.52825,35.48565,1768.9908500000001,643.3149000000001,325.8137,908.22375,292.2767,612.5663999999999,1.6655,1.2115,0.0698,0.31395,6.6,7.75,0.73,743.5
2023-08-16 00:54:00,676.7481,52.153549999999996,2099.25835,757.93695,371.14070000000004,1064.37455,339.60699999999997,711.94995,1.6433499999999999,1.19355,0.10615,0.35040000000000004,7.4,8.49,0.3,1008.5
2023-08-16 00:55:00,626.8927,47.41045,2004.8352,710.86535,344.13765,1024.8510999999999,336.76455,689.0490500000001,1.68635,1.1897,0.0992,0.44684999999999997,6.8,8.14,0.28,882.5
2023-08-16 00:56:00,468.89959999999996,15.5361,1855.5004,678.71915,299.20910000000003,978.00235,294.83135000000004,665.52055,1.6581000000000001,1.2054999999999998,0.07675,0.40364999999999995,7.1,8.17,1.24,890.0
2023-08-16 00:57:00,505.4092,0.4593999999999999,2024.68235,704.69325,295.39915,1026.63325,298.7574,677.3972,1.6212499999999999,1.17885,0.2385,0.39295,7.65,8.35,1.0950000000000002,953.5
2023-08-16 00:58:00,476.42510000000004,-3.1453499999999996,2098.7135,754.61335,303.4501,1087.2865499999998,308.75335,722.1659500000001,1.66045,1.17685,0.1905,0.45104999999999995,7.6,8.62,0.805,1056.0
2023-08-16 00:59:00,707.5886,54.9114,2155.03835,769.30335,377.54205,1184.2944,351.6974,764.58515,1.6515,1.17725,0.12445,0.41005,7.15,8.655000000000001,0.165,1065.0
2023-08-16 01:00:00,747.63305,72.4633,2106.1178,744.7535,372.78825,1067.3721,350.19465,724.90575,1.6834,1.1993,0.1527,0.26949999999999996,6.65,8.3,0.17,940.0
2023-08-16 01:01:00,568.4121,18.94085,2006.2331,728.6976500000001,322.99244999999996,1084.3090499999998,331.3159,717.19425,1.69225,1.1893500000000001,0.22385,0.38,7.1,8.29,0.565,939.0
2023-08-16 01:02:00,535.1212,20.32235,1958.1583,703.64285,299.5533,994.8586,317.876,675.8936,1.68025,1.185,0.12925,0.409,5.7,7.95,0.12,827.5
2023-08-16 01:03:00,472.0716,-5.80245,1811.11455,639.50245,301.6373,975.4077,296.63824999999997,659.0825500000001,1.66605,1.22075,0.1888,0.41305000000000003,6.5,8.004999999999999,2.36,852.5
2023-08-16 01:04:00,539.01245,21.8855,1942.13905,691.57745,315.96685,1023.4457,299.02615000000003,693.2286999999999,1.67515,1.1974,0.15675,0.4496,6.8,8.28,1.75,950.5
2023-08-16 01:05:00,721.7477,55.801550000000006,2114.0895,739.3100999999999,358.52644999999995,1034.0299,346.00350000000003,690.8056,1.6843,1.21665,0.1624,0.39435,6.9,8.434999999999999,0.92,988.5
2023-08-16 01:06:00,549.4416,19.60895,2068.8039,739.06265,325.37620000000004,1073.28845,332.2344,725.72055,1.66195,1.17685,0.25195,0.3568,6.6,8.27,0.20500000000000002,929.0
2023-08-16 01:07:00,558.1306500000001,37.4333,2007.3968,709.0956,318.8923,1066.952,329.89570000000003,710.38905,1.64435,1.2055500000000001,0.11195,0.35095,6.5,8.11,0.81,875.0
2023-08-16 01:08:00,585.26575,30.13845,2031.78125,704.4779,332.07714999999996,1039.7637,324.58910000000003,693.5222,1.6377,1.2016,0.2831,0.39549999999999996,6.6,8.19,1.0150000000000001,899.0
2023-08-16 01:09:00,697.61775,60.51765,2110.754,736.62635,360.44214999999997,1060.8355,353.6113,708.26895,1.67465,1.22215,0.0871,0.31325000000000003,6.6,8.305,0.18,934.5
2023-08-16 01:10:00,495.76725,24.5803,1929.01735,690.84415,305.2513,985.6688,315.62350000000004,688.03385,1.6593499999999999,1.1931500000000002,0.23535,0.39195,5.7,7.88,0.295,801.0
2023-08-16 01:11:00,436.3946,1.5943999999999998,1736.75365,615.82815,285.02795000000003,930.0672,282.09425,630.2935,1.6444,1.21095,0.19935,0.44465,5.8,7.85,2.2350000000000003,783.0
2023-08-16 01:12:00,617.0645,44.91705,2027.8877,711.2349,345.51935000000003,1066.01485,326.00800000000004,692.12445,1.66555,1.19935,0.15389999999999998,0.36445,6.55,8.23,1.03,927.5
2023-08-16 01:13:00,513.90155,12.3474,1981.62925,718.4314999999999,316.50025,1065.54855,316.19010000000003,713.5751,1.6478000000000002,1.2031,0.2761,0.45515,6.2,8.2,0.86,905.0
2023-08-16 01:14:00,505.96505,15.54025,1955.15225,671.21375,296.0561,1012.08215,295.56255,670.3363999999999,1.627,1.2007500000000002,0.19415,0.34975,6.6,8.21,1.8599999999999999,904.0
2023-08-16 01:15:00,639.9582,37.246449999999996,2232.3511,754.42895,360.37265,1150.2279,348.34915,744.2551,1.69355,1.2121499999999998,0.13574999999999998,0.34414999999999996,7.15,8.684999999999999,1.205,1075.0
2023-08-16 01:16:00,769.9752000000001,69.66730000000001,2223.05965,792.22555,385.0254,1157.9906,370.37775,763.14275,1.6653,1.1752500000000001,0.036699999999999997,0.31579999999999997,7.25,8.79,0.14,1123.0
2023-08-16 01:17:00,467.56165,-8.663,1926.02575,696.7665999999999,291.07825,1056.2371,291.23990000000003,689.4926,1.6362999999999999,1.18825,0.1809,0.3751,7.3,8.565000000000001,2.01,1034.0
2023-08-16 01:18:00,609.7719,34.144549999999995,2248.18605,785.6620499999999,361.02275,1184.86375,342.46715,763.7577,1.6755,1.19795,0.1775,0.37224999999999997,7.3,9.045,1.13,1217.5
2023-08-16 01:19:00,584.71415,28.488300000000002,2211.371,764.3121,348.43449999999996,1115.7028500000001,336.1263,729.92215,1.6907,1.2076500000000001,0.1418,0.39095,7.4,8.885000000000002,1.2799999999999998,1147.0
2023-08-16 01:20:00,714.8592,68.64070000000001,2208.52845,752.98655,389.092,1124.5444,360.27805,735.2437,1.6558,1.2287,0.11765,0.3583,6.85,8.69,1.125,1078.5
2023-08-16 01:21:00,605.4443,27.8253,2153.17555,759.07835,356.6957,1135.4495499999998,321.69835,735.0056,1.67215,1.1959499999999998,0.25945,0.51755,7.6,8.73,1.105,1104.0
2023-08-16 01:22:00,448.70574999999997,-8.50075,2178.8289999999997,774.1761,322.00765,1170.2719,334.52605,768.7090000000001,1.69445,1.1709999999999998,0.2979,0.47335,7.3,8.64,0.15,1055.0
2023-08-16 01:23:00,582.6513,33.125,1940.99505,703.0182,330.1969,992.9911999999999,305.8378,680.4754,1.63625,1.20825,0.07100000000000001,0.36575,7.2,8.254999999999999,0.97,919.0
2023-08-16 01:24:00,493.84945,19.59635,1952.2453,684.08285,312.8546,999.86645,306.79229999999995,673.9656,1.64795,1.21585,0.11815,0.38380000000000003,7.3,8.145,1.13,876.5
2023-08-16 01:25:00,543.5812,49.18215,1965.08915,697.23005,324.03215,1005.76845,317.1115,683.0074999999999,1.6463,1.21515,0.16525,0.38695,6.9,8.11,0.12,874.0
2023-08-16 01:26:00,478.75194999999997,10.06055,1803.42355,665.12655,292.25715,949.48675,291.70455000000004,647.8562,1.6503999999999999,1.2092999999999998,0.26,0.5136499999999999,7.1,7.795,0.58,775.5
2023-08-16 01:27:00,488.77275,33.2902,1695.6068,611.2660000000001,295.703,865.6276,283.56635,604.8075,1.69045,1.2405,0.09459999999999999,0.38639999999999997,6.1,7.43,0.72,634.0
2023-08-16 01:28:00,492.24744999999996,19.0285,1826.3643499999998,653.16295,308.57034999999996,943.58485,298.5274,650.2167,1.6735,1.2220499999999999,0.2549,0.48605,7.1,7.74,1.205,754.5
2023-08-16 01:29:00,521.8198,13.743300000000001,1921.3772,679.0073,316.81575,991.6143999999999,291.636,673.415,1.69035,1.2244000000000002,0.1688,0.41559999999999997,7.4,8.355,1.5899999999999999,973.0
2023-08-16 01:30:00,585.8214,24.548,2053.0556,732.9699499999999,328.62295,1064.3291,323.39675,717.09375,1.6255000000000002,1.1718,0.25075000000000003,0.43420000000000003,7.5,8.375,0.385,975.5
2023-08-16 01:31:00,642.6971000000001,41.08735,2128.389,751.26125,349.62440000000004,1094.11365,339.74595,731.414,1.6755499999999999,1.2176,0.1532,0.38285,7.2,8.405000000000001,0.17,979.0
2023-08-16 01:32:00,527.6682000000001,34.5679,2120.11085,739.18255,346.18285000000003,1091.97215,334.12225,726.65525,1.64235,1.19585,0.2451,0.3633,7.25,8.465,0.87,999.5
2023-08-16 01:33:00,765.0987,67.6908,2195.57165,764.2452499999999,382.78235,1117.0099500000001,368.28790000000004,730.9739500000001,1.66845,1.2196500000000001,0.06425,0.2831,6.8,8.605,0.71,1047.0
2023-08-16 01:34:00,604.7232,34.50495,2183.4755999999998,777.4251999999999,368.68510000000003,1167.49645,354.78364999999997,747.1708,1.66715,1.18695,0.23995,0.4174,7.15,8.6,0.19,1047.5
2023-08-16 01:35:00,576.6803,13.756499999999999,2219.9779,777.9301499999999,332.44975,1153.8818,349.8558,739.9892500000001,1.68615,1.18095,0.27615,0.45245,7.1,8.63,0.345,1059.0
2023-08-16 01:36:00,605.21705,17.21025,2114.6995,762.2175500000001,330.9615,1124.14365,347.82595000000003,753.3272999999999,1.6369,1.182,0.16835,0.43935,6.45,8.370000000000001,0.135,965.5
2023-08-16 01:37:00,591.5994499999999,29.45405,2017.2115,718.8974000000001,317.75315,1038.8559,320.88125,704.066,1.6680000000000001,1.2043,0.155,0.35995,6.2,8.08,0.15,864.5
2023-08-16 01:38:00,527.4979000000001,23.24195,1937.7301,706.1916,310.77525,1009.4491,314.3967,684.7411500000001,1.657,1.19025,0.18335,0.39295,6.5,7.91,0.175,812.5
2023-08-16 01:39:00,635.0523499999999,71.01939999999999,1868.49995,665.5007499999999,350.0039,908.95085,316.397,637.4499000000001,1.6715499999999999,1.2027999999999999,0.010950000000000001,0.32525,5.9,7.615,0.22999999999999998,720.0
2023-08-16 01:40:00,517.6732999999999,23.214550000000003,1757.2484,659.56745,294.55955,903.8503499999999,300.8944,633.79305,1.63255,1.20105,0.17525,0.38439999999999996,6.0,7.62,0.45,725.0
2023-08-16 01:41:00,521.0144,34.50405,1892.0788499999999,701.37895,316.5962,1016.2464500000001,310.22015,680.93975,1.65115,1.1963,0.10685,0.44145,5.65,7.84,0.275,788.0
2023-08-16 01:42:00,552.80835,38.2477,1941.87385,684.70755,324.5228,1034.27495,321.0981,686.27925,1.6454,1.2172,0.16425,0.39465,6.25,7.875,0.58,798.0
2023-08-16 01:43:00,619.75995,52.388949999999994,1916.0743499999999,683.4131,339.45725,988.0967,327.11565,677.94105,1.6639499999999998,1.21255,0.13674999999999998,0.29135,6.15,7.77,0.33999999999999997,766.0
2023-08-16 01:44:00,587.4194,42.566500000000005,1842.33025,670.5156999999999,323.3197,951.2592999999999,307.59125,650.6686,1.63305,1.22335,0.10795,0.38305,6.35,7.72,0.385,754.5
2023-08-16 01:45:00,366.34925,-26.67235,1797.5459999999998,653.55845,236.52655,972.95585,270.80565,663.23705,1.63065,1.2059,0.2911,0.5646,5.9,7.49,0.14,673.5
2023-08-16 01:46:00,789.9195,106.95505,1813.98355,642.06265,376.16544999999996,844.931,328.01175,609.0020999999999,1.6669,1.2393999999999998,-0.0524,0.17404999999999998,5.8,7.46,0.2,660.0
2023-08-16 01:47:00,412.16735,9.547049999999999,1686.7247499999999,618.36245,267.0903,876.2194,266.99025,624.83545,1.61285,1.19985,0.13595000000000002,0.4181,5.7,7.51,0.515,621.0
2023-08-16 01:48:00,451.0834,20.8445,1637.6777,588.8672,277.14144999999996,824.40755,267.89845,590.1753,1.6671,1.2187999999999999,0.13624999999999998,0.32555,6.2,7.485,1.85,640.0
2023-08-16 01:49:00,452.20855,-0.47530000000000006,1698.7758,630.50675,259.83590000000004,941.15885,276.6725,624.31135,1.642,1.2056499999999999,0.2096,0.4708,5.4,7.495,0.715,633.0
2023-08-16 01:50:00,535.75445,46.15675,1805.7366000000002,613.7108499999999,302.6305,872.6829,293.3615,617.1292,1.6793,1.2348,0.0865,0.41505000000000003,5.8,7.46,0.2,622.0
2023-08-16 01:51:00,532.30385,47.70495,1521.38575,565.30435,291.4587,780.96315,266.6405,584.9906000000001,1.6126,1.2122,0.1014,0.23065000000000002,5.3,6.79,0.2,415.5
2023-08-16 01:52:00,367.9807,14.759150000000002,1452.4002,531.5081,268.74445000000003,750.8964000000001,236.4381,553.1822999999999,1.6515,1.2233,0.14315,0.3855,5.7,7.485,2.92,522.0
2023-08-16 01:53:00,447.4588,22.39065,1604.11215,596.4819,284.27750000000003,828.221,265.58055,608.97645,1.59745,1.1967500000000002,0.08995,0.4292,6.1,7.49,1.545,660.0
2023-08-16 01:54:00,525.19135,39.7059,1698.4903,623.4150999999999,298.72585000000004,887.45,290.2657,624.7047500000001,1.6431499999999999,1.22375,0.2046,0.35895,5.6,7.46,0.375,647.0
2023-08-16 01:55:00,418.4972,-0.7638000000000003,1639.12805,590.74825,259.47265,858.6306999999999,265.45140000000004,604.8615,1.6165500000000002,1.2132,0.1652,0.42145,4.7,7.42,0.14,478.5
2023-08-16 01:56:00,416.51615000000004,42.958200000000005,1330.8489,483.231,258.37325,691.79795,242.53045,531.35015,1.66255,1.2162,0.050449999999999995,0.30415000000000003,4.15,6.68,1.28,224.0
2023-08-16 01:57:00,365.4706,17.115000000000002,1128.89275,419.15985,247.5885,592.2761,204.58935,471.34235,1.62325,1.25985,0.1126,0.35135,4.55,7.45,3.9850000000000003,240.0
2023-08-16 01:58:00,344.7291,15.967,1307.97955,485.56225,251.1822,689.5061000000001,225.47629999999998,521.7931,1.6705999999999999,1.23955,0.19685,0.43515000000000004,3.6500000000000004,7.33,1.22,248.5
2023-08-16 01:59:00,222.96915,-1.08575,1119.5597,428.08875,215.12425000000002,590.4364499999999,194.9552,476.40235,1.6545,1.2119,0.19440000000000002,0.4802,3.8499999999999996,6.76,1.585,180.0
2023-08-16 02:00:00,373.68585,36.86705,1261.81035,459.76865,271.49125000000004,702.5762,226.74394999999998,516.35835,1.6242999999999999,1.24325,0.1042,0.4057,4.4,7.385,2.2750000000000004,199.0
2023-08-16 02:01:00,465.53954999999996,30.25125,1343.8638,502.36350000000004,259.28395,737.28345,253.35545000000002,562.3072,1.61435,1.2071,0.08675,0.35995,3.9,6.779999999999999,0.885,291.0
2023-08-16 02:02:00,322.99945,18.4452,1275.54095,480.5353,245.40825,649.2849,221.66205000000002,511.7452,1.63415,1.24645,0.09855,0.31984999999999997,4.1,7.12,1.475,204.0
2023-08-16 02:03:00,268.86545,6.5760000000000005,1117.53745,386.6284,204.25195,629.3622,186.22025,470.865,1.6258,1.2432500000000002,0.12725,0.41065,4.7,7.225,1.995,192.0
2023-08-16 02:04:00,-27.1473,-78.8229,1175.2854499999999,453.8981,163.32995,647.94615,167.20659999999998,490.7798,1.61225,1.18635,0.35214999999999996,0.6156999999999999,5.5,7.46,4.98,436.5
2023-08-16 02:05:00,583.24555,29.3876,1542.7871,590.14995,298.7336,839.868,278.75694999999996,601.75195,1.6551,1.23265,0.10385,0.3379,5.3,7.45,1.74,575.5
2023-08-16 02:06:00,447.58105,6.0245999999999995,1597.78575,608.85365,291.36955,874.44795,278.59495000000004,637.2958,1.6280000000000001,1.18665,0.16065,0.44365,5.55,7.49,1.2650000000000001,576.0
2023-08-16 02:07:00,599.7028,40.94255,1705.07145,612.79615,309.93899999999996,888.5614,290.2403,621.6244999999999,1.64725,1.24685,0.10429999999999999,0.31920000000000004,5.25,7.465,0.8300000000000001,602.0
2023-08-16 02:08:00,414.45655,14.21725,1564.70485,583.3399999999999,263.1749,838.55565,274.37075,598.37645,1.6598000000000002,1.23435,0.1814,0.3963,4.7,6.89,0.12,484.0
2023-08-16 02:09:00,433.63205000000005,30.48625,1318.83665,467.55415000000005,254.23919999999998,682.91615,226.14749999999998,513.1012499999999,1.6286999999999998,1.2349999999999999,0.05685,0.40155,4.4,7.15,1.23,275.5
2023-08-16 02:10:00,463.09704999999997,13.070450000000001,1457.33845,550.4475,260.31395,786.53355,265.97075,586.1939,1.6098,1.23415,0.21545,0.45535000000000003,4.45,7.33,0.27,435.5
2023-08-16 02:11:00,324.9303,-0.20594999999999963,1333.7696999999998,473.51665,228.2819,706.1357,226.22265,539.4164499999999,1.625,1.2408000000000001,0.2185,0.42574999999999996,4.0,6.575,0.9450000000000001,265.0
2023-08-16 02:12:00,417.2812,31.0884,1265.96035,459.98325,249.4623,667.97015,227.27294999999998,517.3601000000001,1.6305,1.221,0.08310000000000001,0.29100000000000004,4.2,6.73,1.6349999999999998,181.0
2023-08-16 02:13:00,408.2081,50.960899999999995,1295.2479,448.72995000000003,297.8838,695.1134500000001,220.2561,517.2910999999999,1.69295,1.2532,0.18255,0.3187,5.3,7.5,4.385,392.5
2023-08-16 02:14:00,125.55590000000001,-56.46875,1562.4591,582.5388,211.97315,857.71705,231.68865,601.3429,1.59025,1.20455,0.4159,0.5525,5.4,7.49,1.62,557.0
2023-08-16 02:15:00,639.2208,54.4182,1706.46605,621.01675,313.41560000000004,872.16615,299.70705,624.01175,1.6269,1.21115,0.06705000000000001,0.30069999999999997,4.7,7.47,0.71,586.5
2023-08-16 02:16:00,255.9366,-27.44495,1587.5044,582.33395,248.0276,885.56915,252.03045,614.5260499999999,1.62595,1.2274500000000002,0.313,0.49985,5.45,7.51,1.8900000000000001,594.0
2023-08-16 02:17:00,446.88104999999996,33.681200000000004,1513.2184,570.0527500000001,270.25935000000004,766.4019499999999,258.12505,582.80975,1.6556000000000002,1.22485,0.11215,0.36965,4.8,7.135,0.15000000000000002,565.0
2023-08-16 02:18:00,211.6209,-14.320050000000002,1124.93525,444.12030000000004,202.83415000000002,582.23695,179.5186,466.3927,1.63145,1.2292,0.1561,0.4526,3.5,6.609999999999999,1.72,176.0
2023-08-16 02:19:00,511.35439999999994,48.653,1193.0683,446.8621,286.2903,635.5034499999999,219.96855,489.20484999999996,1.67645,1.2410999999999999,-0.12284999999999999,0.13924999999999998,4.0,7.51,3.36,262.0
2023-08-16 02:20:00,218.7442,-24.49135,1430.545,526.3639000000001,237.334,752.4205,238.52865,556.0029,1.6092,1.2258,0.2445,0.43779999999999997,5.25,7.46,1.8250000000000002,442.0
2023-08-16 02:21:00,406.95995000000005,26.20185,1432.1948499999999,519.5361,253.7792,750.0437,245.47565,554.3237,1.6441,1.23085,0.15065,0.3375,4.0,7.04,0.27,420.5
2023-08-16 02:22:00,232.81310000000002,-3.9480000000000004,1078.3719,403.7979,206.66565,563.72505,184.72075,474.06895,1.6076000000000001,1.2471999999999999,0.17880000000000001,0.45325,3.9,6.505,1.795,145.0
2023-08-16 02:23:00,259.76495,-3.3827500000000006,1241.78435,471.97940000000006,222.3001,660.49215,205.9968,513.89325,1.62885,1.23095,0.22685,0.5218,4.7,6.955,1.59,196.5
2023-08-16 02:24:00,43.121750000000006,-77.7356,1273.9003,477.31885,174.81844999999998,721.62825,194.10075,545.9176500000001,1.6097,1.21885,0.31875,0.5425,4.0,7.505,3.31,315.0
2023-08-16 02:25:00,309.9933,23.59415,1399.4308,476.08799999999997,271.9566,699.08175,217.78475,514.83635,1.6892999999999998,1.25505,0.1003,0.3226,6.1,7.475,4.09,480.5
2023-08-16 02:26:00,434.21075,-0.13324999999999942,1631.39865,586.21735,263.906,819.3018999999999,269.43085,588.98495,1.6696,1.2311999999999999,0.22025,0.3992,6.5,7.32,0.375,590.5
2023-08-16 02:27:00,380.18375,-0.47870000000000346,1479.06995,535.7042,264.0083,796.6918499999999,239.3866,579.04295,1.64185,1.2365499999999998,0.13005,0.37385,6.55,7.515,3.4800000000000004,653.0
2023-08-16 02:28:00,421.09000000000003,2.520950000000001,1682.05845,605.193,274.0819,894.97165,268.7099,613.9567,1.6643,1.1979,0.20495,0.47824999999999995,6.4,7.61,2.12,729.5
2023-08-16 02:29:00,580.8486499999999,41.866299999999995,1770.4514,642.14415,321.0508,876.99185,278.0855,626.8032499999999,1.68075,1.2293500000000002,0.03435,0.31994999999999996,6.7,7.69,1.1949999999999998,747.5
2023-08-16 02:30:00,372.969,9.5863,1631.5647,597.9395,281.01275,880.16605,255.3897,617.0835500000001,1.6585999999999999,1.2138,0.16970000000000002,0.3991,6.7,7.79,2.9450000000000003,778.5
2023-08-16 02:31:00,496.93134999999995,14.9268,1790.8811999999998,646.04,300.9086,941.1268,291.1114,650.2835,1.69385,1.2252,0.30055,0.38634999999999997,7.1,8.105,2.14,887.5
2023-08-16 02:32:00,586.4773,31.443849999999998,1956.4414,719.58035,333.3393,989.34245,325.5123,676.48905,1.6719499999999998,1.22675,0.14429999999999998,0.3704,7.0,8.085,0.51,866.0
2023-08-16 02:33:00,504.89175,9.85375,1815.08125,650.71615,294.17845,959.5099,288.68225,655.2348,1.6932,1.22925,0.20695,0.54285,6.85,8.07,1.8050000000000002,858.0
2023-08-16 02:34:00,481.79445,2.06905,1839.03325,657.2918500000001,281.11839999999995,998.61825,286.26890000000003,679.5823,1.6673499999999999,1.19685,0.1881,0.41174999999999995,6.8,8.17,1.93,901.0
2023-08-16 02:35:00,484.66215,6.848200000000001,1985.21045,705.9172000000001,308.02915,1064.4267,311.01775,711.16065,1.64895,1.1863,0.21475,0.47985,6.8,8.26,1.16,942.5
2023-08-16 02:36:00,670.93255,55.52735,2090.2876,733.6913999999999,354.884,1053.2483,349.9551,723.7972500000001,1.67375,1.21415,0.0974,0.32184999999999997,6.8,8.3,0.545,947.0
2023-08-16 02:37:00,520.65125,36.18605,1950.97005,726.0568499999999,318.67775,1012.8847,315.82345,687.6293000000001,1.68335,1.20315,0.13219999999999998,0.3516,6.8,8.129999999999999,0.15,884.5
2023-08-16 02:38:00,466.5546,13.73855,1811.9846,667.87525,301.34159999999997,969.26,295.38845000000003,659.704,1.7119,1.22215,0.11410000000000001,0.39105,7.0,8.04,1.24,847.5
2023-08-16 02:39:00,428.19575,1.58325,1812.0590000000002,662.1095,292.342,961.11585,287.6577,660.77265,1.6755499999999999,1.2008,0.14255,0.4339,6.8,8.08,1.545,868.5
2023-08-16 02:40:00,461.11350000000004,6.47805,1877.44105,692.0915,292.48955,962.22795,291.61915,655.7005,1.6525,1.2115,0.20715,0.36715,7.15,8.105,1.22,871.5
2023-08-16 02:41:00,607.6958,29.25905,1988.0644,705.6009,327.522,1078.87905,331.94534999999996,717.6187500000001,1.6306500000000002,1.2093,0.16999999999999998,0.40165,7.1,8.364999999999998,1.46,986.0
2023-08-16 02:42:00,628.458,51.37415,2031.7475,753.0877499999999,343.6722,1050.3857,339.6474,706.8285000000001,1.69355,1.20825,0.15205,0.31575,7.0,8.35,0.125,962.0
2023-08-16 02:43:00,470.49875,42.9958,1608.40135,602.99705,285.8877,823.6417,268.56875,580.4603999999999,1.62355,1.2330999999999999,0.16060000000000002,0.36024999999999996,4.85,7.32,0.12,538.5
2023-08-16 02:44:00,485.4175,-6.889150000000001,1576.58325,542.53625,270.5995,817.9974,253.86715,588.4945,1.66275,1.2085,0.28764999999999996,0.38839999999999997,6.5,7.51,3.325,689.5
2023-08-16 02:45:00,396.55985,9.63135,1811.80105,654.91885,272.14869999999996,892.21245,279.91880000000003,622.49655,1.6412,1.2153,0.25934999999999997,0.4824,6.5,7.875,1.73,799.5
2023-08-16 02:46:00,511.09645,39.4941,1830.3980999999999,645.3812,329.54505,962.2489499999999,301.94960000000003,659.7818500000001,1.66505,1.2169500000000002,0.23775000000000002,0.39875,6.7,8.055,2.1500000000000004,845.0
2023-08-16 02:47:00,522.2380499999999,20.7589,1904.26765,683.28225,325.9009,982.44075,302.0357,660.3667,1.7033,1.25205,0.1119,0.3809,7.3,8.33,1.79,959.5
2023-08-16 02:48:00,613.50605,34.0322,2036.23315,697.3247,341.36465,1016.498,327.91775,685.3868,1.6479,1.2061000000000002,0.11415,0.39475000000000005,6.95,8.274999999999999,1.055,925.0
2023-08-16 02:49:00,456.88329999999996,0.46694999999999975,2007.2480500000001,717.9336000000001,317.2597,1084.2635500000001,313.6931,719.5398,1.64085,1.2003,0.31489999999999996,0.4673,7.4,8.48,1.3849999999999998,1008.5
2023-08-16 02:50:00,468.98635,2.38645,2117.66965,746.4925499999999,327.27245,1037.50385,313.70375,706.0363500000001,1.6693,1.2372,0.1385,0.38949999999999996,6.95,8.425,0.165,984.5
2023-08-16 02:51:00,420.87815,-7.3166,1938.0862499999998,689.7243000000001,290.26495,996.35655,303.5727,670.9836,1.6387,1.20885,0.31,0.5357000000000001,7.3,8.32,1.71,964.0
2023-08-16 02:52:00,583.12525,53.13535,2081.8739,738.1427,365.049,1026.622,327.31944999999996,691.88295,1.7103000000000002,1.2416,0.09895000000000001,0.35435,7.25,8.6,1.415,1043.5
2023-08-16 02:53:00,580.8036999999999,21.030099999999997,2211.8954,786.9948999999999,357.4425,1176.817,341.81809999999996,762.39555,1.6256499999999998,1.1536499999999998,0.1974,0.4101,7.8,9.02,1.27,1217.5
2023-08-16 02:54:00,751.356,53.90945,2398.8248000000003,850.67345,398.307,1263.04965,389.96375,807.37675,1.68045,1.1759499999999998,0.1544,0.38995,7.8,9.2,0.19,1278.5
2023-08-16 02:55:00,540.6993,25.9155,2234.7339,813.0282500000001,352.2433,1135.4555,348.2959,763.1065,1.69095,1.1776,0.1323,0.3556,7.4,8.79,0.11,1116.0
2023-08-16 02:56:00,486.9391,-3.4143499999999998,2161.0015000000003,780.7861,307.21195,1150.6901,327.18195000000003,763.97055,1.6783000000000001,1.1574499999999999,0.24520000000000003,0.57775,7.25,8.66,0.365,1066.5
2023-08-16 02:57:00,674.25125,70.34155,2092.70725,768.1750999999999,389.1151,1084.019,346.91895,738.03935,1.6593,1.1773500000000001,0.0811,0.3114,7.5,8.58,0.46499999999999997,1039.0
2023-08-16 02:58:00,412.6295,19.855649999999997,1962.4063,693.6042,307.22799999999995,1064.2646,306.55975,710.1205,1.6458499999999998,1.20975,0.1845,0.3911,7.1,8.285,0.19,931.5
2023-08-16 02:59:00,554.5053,11.514249999999999,2127.7055499999997,738.89235,338.10555,1116.33855,340.16395,731.32975,1.6839,1.2031,0.17645,0.42674999999999996,7.7,8.785,1.74,1126.0
2023-08-16 03:00:00,652.19565,33.5967,2306.9191499999997,808.78025,356.92775,1231.7618499999999,359.9939,781.28115,1.7015,1.20595,0.1683,0.4937,8.0,9.295,1.14,1317.5
2023-08-16 03:01:00,725.8682,39.8691,2518.65135,879.7515000000001,420.1254,1333.3306,419.22294999999997,849.23105,1.71685,1.1573,0.1521,0.4236,8.0,9.46,0.26,1391.5
2023-08-16 03:02:00,649.7393,5.51215,2498.97245,876.1197,361.4031,1342.28015,383.39225,863.2022999999999,1.66085,1.16385,0.1004,0.49095,7.7,9.42,0.275,1373.5
2023-08-16 03:03:00,709.2906,44.4893,2487.9468500000003,860.1356499999999,397.4094,1260.2095,394.486,810.7475,1.6966,1.1605,0.2257,0.4148,8.0,9.344999999999999,0.22,1346.5
2023-08-16 03:04:00,604.8818,23.47655,2402.87815,833.1746,386.16385,1271.1113500000001,386.97225000000003,816.9344000000001,1.68435,1.18255,0.24615,0.30735,8.1,9.215,0.675,1282.0
2023-08-16 03:05:00,540.15945,0.4366500000000002,2370.06875,829.1938,351.56305,1263.0151,376.1234,815.9966,1.67095,1.1815,0.28835,0.52935,7.3,9.274999999999999,0.91,1320.0
2023-08-16 03:06:00,688.29735,41.971599999999995,2403.4511,845.30645,409.02935,1302.9586,406.52925,833.3080500000001,1.7096,1.15475,0.1562,0.45220000000000005,7.2,9.29,0.5,1313.5
2023-08-16 03:07:00,660.66155,42.020250000000004,2293.26035,787.601,381.92134999999996,1211.6341499999999,363.2742,777.2007000000001,1.6962000000000002,1.2042000000000002,0.11335,0.377,7.5,9.28,1.61,1312.0
2023-08-16 03:08:00,541.0576000000001,11.16275,2314.28965,802.54675,358.69155,1263.04095,361.9903,810.4104,1.6901000000000002,1.1641,0.26654999999999995,0.386,8.0,9.46,1.93,1409.5
2023-08-16 03:09:00,729.88885,44.018950000000004,2541.8262999999997,854.4331999999999,413.478,1322.6026,414.9859,838.49965,1.68935,1.16885,0.16925,0.4136,7.8,9.63,1.4649999999999999,1479.0
2023-08-16 03:10:00,635.616,13.28395,2512.63565,873.8284,375.98015,1348.49525,398.911,856.48575,1.68655,1.14555,0.3157,0.4579,6.9,9.38,0.17,1358.0
2023-08-16 03:11:00,726.2381499999999,55.2296,2349.5596,833.3109,391.00924999999995,1232.2085000000002,381.43835,789.7525,1.69125,1.1784,0.18919999999999998,0.34675,7.0,9.125,0.195,1236.0
2023-08-16 03:12:00,616.88005,32.340199999999996,2297.4721,800.98425,369.9895,1213.43815,377.00125,791.7347500000001,1.6551,1.1652,0.2666,0.48224999999999996,7.2,8.77,0.17,1111.5
2023-08-16 03:13:00,697.7477,56.29785,2207.46155,772.684,376.60625000000005,1145.57,369.2632,755.8631,1.6961,1.2222499999999998,0.0896,0.3056,6.9,8.715,0.725,1081.5
2023-08-16 03:14:00,608.80005,33.0683,2105.6796000000004,729.8166,347.5046,1095.9614,336.44410000000005,723.2622,1.68575,1.20635,0.18135,0.34004999999999996,7.5,8.82,1.89,1137.5
2023-08-16 03:15:00,594.8438,23.604,2188.7837,783.4657,342.96590000000003,1156.3686,351.90375,762.5255999999999,1.6673,1.2031999999999998,0.18065,0.44115,7.3,8.785,0.22,1118.0
2023-08-16 03:16:00,682.50335,69.39535000000001,2052.1417,715.89395,389.5021,1099.47685,351.31825000000003,712.7121999999999,1.7087,1.2192,0.12495,0.38655,7.9,8.62,1.45,1063.0
2023-08-16 03:17:00,522.3842500000001,29.5753,2130.2733,737.69445,351.15205,1105.93235,328.86519999999996,734.85695,1.708,1.1825999999999999,0.09575,0.37870000000000004,8.3,8.864999999999998,1.7650000000000001,1160.5
2023-08-16 03:18:00,679.9218000000001,35.50315,2253.8075,794.34505,364.2549,1179.8865999999998,362.87255,780.63355,1.6836,1.19415,0.09609999999999999,0.3916,7.7,8.765,0.19,1107.0
2023-08-16 03:19:00,527.968,6.322050000000001,2186.803,777.7663,324.16755,1179.3174,343.66004999999996,770.21785,1.6745999999999999,1.17985,0.2017,0.5064,6.9,8.68,0.3,1073.5
2023-08-16 03:20:00,588.58255,26.9422,2102.03885,758.7462499999999,330.9621,1120.01575,341.42814999999996,741.5454500000001,1.6634,1.20625,0.1411,0.3313,6.4,8.4,0.13,973.0
2023-08-16 03:21:00,591.87535,29.66265,2067.3456,731.2908,326.66015000000004,1086.36265,333.40644999999995,739.5261499999999,1.6645500000000002,1.1985999999999999,0.1989,0.5042500000000001,6.6,8.235,0.155,919.0
2023-08-16 03:22:00,633.8724,60.593149999999994,1888.483,684.09995,329.32860000000005,980.8653999999999,320.8813,676.0309,1.6804999999999999,1.22165,0.1427,0.34614999999999996,5.9,7.77,0.12,769.0
2023-08-16 03:23:00,576.5076,32.704,1923.3114,681.6532500000001,307.7721,1002.70235,314.3047,686.5632,1.6798,1.20065,0.1163,0.4345,6.45,7.89,0.59,815.0
2023-08-16 03:24:00,541.30005,17.054750000000002,1984.17885,711.9309499999999,307.24505,1023.2619500000001,318.3034,701.96235,1.6226500000000001,1.20175,0.2025,0.46094999999999997,7.1,8.05,0.14,853.5
2023-08-16 03:25:00,545.9127,31.80715,1910.53825,700.73855,308.18354999999997,1014.0506,308.14885,683.32595,1.67645,1.2126000000000001,0.09759999999999999,0.36214999999999997,6.9,8.02,0.595,838.5
2023-08-16 03:26:00,476.132,9.73165,1944.1113500000001,710.96835,310.80095,1032.09465,307.63505,688.29985,1.65395,1.2046000000000001,0.11804999999999999,0.38325,7.1,8.07,0.155,863.5
2023-08-16 03:27:00,564.602,30.8736,1886.4587999999999,691.48485,325.38065,998.0762500000001,316.46655,684.91985,1.6840000000000002,1.21745,0.074,0.37685,6.5,7.99,0.915,832.0
2023-08-16 03:28:00,419.39525000000003,-1.14745,1926.1916999999999,685.8222499999999,292.21799999999996,1047.7649000000001,302.1326,703.6368500000001,1.63925,1.20145,0.1771,0.48824999999999996,7.15,8.305,1.74,946.0
2023-08-16 03:29:00,695.4147,63.8443,2094.0702,727.02325,364.76295000000005,1078.4627,342.90745000000004,710.48795,1.69895,1.22995,0.07395,0.3513,6.8,8.45,1.205,1001.0
2023-08-16 03:30:00,466.26045,6.3461,2107.4886500000002,749.93705,321.2555,1152.1775,333.26739999999995,756.96345,1.65415,1.1869,0.30605,0.6073999999999999,6.75,8.39,0.15,973.0
2023-08-16 03:31:00,550.9202499999999,24.1467,2041.3739999999998,727.6034500000001,326.6857,1081.1025,332.2567,722.53715,1.617,1.20245,0.10855,0.4062,6.1,8.155000000000001,0.20500000000000002,890.0
2023-08-16 03:32:00,622.8799,54.70925,2001.77725,718.48245,352.43405,1058.5049,342.41985,706.96765,1.6466,1.2111999999999998,0.1338,0.33655,6.4,8.11,0.2,871.0
2023-08-16 03:33:00,609.2742499999999,32.7924,2063.3762500000003,719.64725,333.71005,1053.3116,331.95995,715.75725,1.6463999999999999,1.2076,0.10675000000000001,0.4179,6.3,8.22,0.6950000000000001,913.5
2023-08-16 03:34:00,672.72655,51.4061,2080.74745,731.92415,355.5899,1068.3649,347.47105,720.88835,1.69375,1.21795,0.12090000000000001,0.39975000000000005,6.1,8.175,0.17,895.0
2023-08-16 03:35:00,487.52225,26.711399999999998,1833.0569,667.9412500000001,312.0881,959.8433,303.75530000000003,663.1858500000001,1.6634,1.21625,0.19365,0.40159999999999996,6.2,8.08,1.335,863.0
2023-08-16 03:36:00,557.27075,44.4689,1844.0848999999998,663.7996,316.1784,977.51865,302.87095,663.0896,1.6487500000000002,1.23815,0.17895,0.38625,6.05,7.97,1.02,828.0
2023-08-16 03:37:00,578.5573999999999,37.022149999999996,1874.9077,675.8427,310.84590000000003,997.8979999999999,307.86400000000003,678.5958,1.66465,1.19485,0.19935,0.36655,5.7,7.97,0.29000000000000004,837.0
2023-08-16 03:38:00,438.4352,24.91395,1744.08645,651.111,289.72045,875.83025,274.7804,617.51695,1.66025,1.21555,0.1205,0.4196,5.45,7.58,0.14,715.0
2023-08-16 03:39:00,408.0645,47.709500000000006,1121.9598999999998,438.11595,254.3533,604.14085,215.11355,504.77645,1.61635,1.23325,0.1354,0.33709999999999996,3.9,6.455,1.1400000000000001,200.0
2023-08-16 03:40:00,194.90634999999997,-1.25925,1182.6283,467.2351,217.608,654.2073,204.95069999999998,509.75265,1.6112,1.2354500000000002,0.25875000000000004,0.41895000000000004,5.15,6.8100000000000005,1.645,187.0
2023-08-16 03:41:00,322.92785000000003,12.902000000000001,1412.0262,519.5434,240.0673,693.97155,239.9131,535.3108,1.6804000000000001,1.2530000000000001,0.0913,0.3849,4.7,7.43,1.12,273.0
2023-08-16 03:42:00,176.12965,-34.298500000000004,1320.93065,486.9569,205.0434,730.16525,226.30785,528.4441999999999,1.60705,1.2246000000000001,0.23714999999999997,0.47925,5.45,7.325,1.0,332.5
2023-08-16 03:43:00,587.15945,62.8317,1566.86815,568.1713500000001,312.03705,770.3027,270.5014,579.21925,1.6238000000000001,1.2410999999999999,-0.04925,0.18409999999999999,5.8,7.45,1.78,564.0
2023-08-16 03:44:00,398.89295000000004,-12.52315,1773.6985,659.5668000000001,257.70605,986.3299999999999,281.4328,679.9487,1.62255,1.2046999999999999,0.23065000000000002,0.5,6.3,7.58,0.14,717.0
2023-08-16 03:45:00,568.3132,53.20425,1658.5358999999999,617.5036,311.63964999999996,836.48435,290.95500000000004,614.66335,1.64595,1.2332999999999998,0.10025,0.35614999999999997,5.1,7.140000000000001,0.1,575.0
2023-08-16 03:46:00,401.8623,24.5587,1506.0131000000001,569.4635499999999,271.5864,797.815,264.93600000000004,585.9911999999999,1.66665,1.22735,0.1953,0.3843,4.2,7.1,0.195,411.5
2023-08-16 03:47:00,240.9134,5.48065,1248.05905,468.77205000000004,223.03505,628.99755,210.84244999999999,501.9543,1.6285500000000002,1.22905,0.18064999999999998,0.40165,3.8,6.52,1.4,204.0
2023-08-16 03:48:00,129.45850000000002,-35.39605,1242.0841,461.33925,194.55034999999998,690.7725,190.86825,522.0742,1.6071499999999999,1.2499500000000001,0.31375,0.5602,5.05,7.255000000000001,1.62,213.0
2023-08-16 03:49:00,563.79755,83.3287,1332.26035,491.03695,339.41785,722.6804500000001,256.3702,532.6777,1.68645,1.30295,0.0623,0.2618,6.0,7.5,4.68,521.5
2023-08-16 03:50:00,182.9661,-34.36605,1506.74135,552.8716999999999,215.72750000000002,848.75425,234.33800000000002,597.1813999999999,1.6482,1.21015,0.28305,0.66225,5.7,7.545,3.91,690.0
2023-08-16 03:51:00,490.5278,25.2076,1805.643,652.0042000000001,309.8728,970.3776499999999,314.78875,661.69615,1.6479,1.2249500000000002,0.06534999999999999,0.4115,6.75,8.14,2.61,890.0
2023-08-16 03:52:00,421.63295,-0.5854000000000004,2038.52045,708.6686,313.78,1088.839,317.33910000000003,718.81375,1.6745999999999999,1.20895,0.25175,0.46704999999999997,7.7,8.49,2.35,1009.0
2023-08-16 03:53:00,623.3684499999999,34.021950000000004,2109.02055,748.31575,352.35450000000003,1110.6421,341.45804999999996,741.72065,1.67725,1.20845,0.1096,0.366,7.15,8.815000000000001,2.215,1137.0
2023-08-16 03:54:00,669.88445,34.7239,2279.7163499999997,803.763,376.27535,1215.21855,364.2235,784.9944,1.70545,1.1754,0.17915,0.43979999999999997,6.4,9.01,1.58,1216.0
2023-08-16 03:55:00,538.83505,16.34315,2215.322,791.9996,349.68425,1171.1255,362.31804999999997,778.65435,1.6399,1.17025,0.25634999999999997,0.44615000000000005,6.1,8.655000000000001,0.14,1074.0
2023-08-16 03:56:00,503.5734,25.39645,1821.89645,685.42905,303.0061,952.5771500000001,306.9463,656.33015,1.6681,1.23635,0.15115,0.3829,6.3,7.605,0.14,724.0
2023-08-16 03:57:00,527.9666,26.50515,1712.4469,637.89855,288.81265,904.92085,287.6035,647.0461,1.6592,1.2135,0.1316,0.41695000000000004,5.4,7.375,0.16,655.0
2023-08-16 03:58:00,486.9489,41.2963,1591.98445,599.59205,286.27085,829.9656,272.21714999999995,598.1132,1.6694,1.24665,0.13105,0.32045,4.45,7.2,0.16,479.0
2023-08-16 03:59:00,421.6212,32.5499,1294.64165,517.01045,251.5399,747.2117000000001,229.8836,555.58875,1.6129,1.2321,0.1367,0.3594,4.3,6.69,0.88,302.0
2023-08-16 04:00:00,419.31255,33.93465,1453.64625,542.05675,271.3053,758.72015,259.06555000000003,567.5735500000001,1.6709,1.2356500000000001,0.09675,0.366,3.9,7.21,0.76,326.0
2023-08-16 04:01:00,276.11154999999997,-2.33035,1231.5450999999998,475.46569999999997,217.55135,678.8696500000001,201.50920000000002,530.23805,1.60415,1.22195,0.1891,0.4623,3.7,6.699999999999999,0.96,286.0
2023-08-16 04:02:00,405.77625,49.3404,1109.99145,455.52765,254.6577,613.4182000000001,218.98355,484.4794,1.6292,1.2522,0.1008,0.39449999999999996,3.6,6.645,1.65,177.0
2023-08-16 04:03:00,233.71134999999998,14.7807,1164.14055,442.99825,229.04989999999998,641.2886000000001,189.11975,500.0374,1.6438000000000001,1.2371500000000002,0.097,0.41465,5.15,6.925000000000001,1.65,185.0
2023-08-16 04:04:00,172.0027,-14.584100000000001,993.61825,367.10315,215.97745,549.76685,173.6181,428.79245,1.66465,1.27995,0.1716,0.4765,5.2,7.5,5.755,241.0
2023-08-16 04:05:00,298.3377,9.085849999999999,1212.25365,442.90395,232.464,666.97875,204.0433,505.2266,1.65775,1.2558,0.16399999999999998,0.4095,5.3,7.47,4.44,401.0
2023-08-16 04:06:00,402.0552,5.340050000000001,1660.2185,624.1241500000001,262.78825,845.4576500000001,265.97715,614.87185,1.6702,1.2300499999999999,0.20905,0.42655,6.1,7.37,0.16,515.5
2023-08-16 04:07:00,489.6676,29.90795,1660.43915,603.6522500000001,290.69804999999997,855.4730999999999,294.87295,614.7313,1.6616,1.2868,0.08074999999999999,0.36275,6.25,7.51,1.2850000000000001,573.5
2023-08-16 04:08:00,454.5771,17.379649999999998,1646.93195,618.57595,273.50485000000003,920.36185,272.16949999999997,643.8595,1.6155,1.2320000000000002,0.18045,0.46085,6.8,7.57,1.72,708.0
2023-08-16 04:09:00,506.2164,15.2061,1837.85365,655.6333500000001,319.63275,961.91175,292.6846,654.3,1.65695,1.2158,0.13135,0.40485000000000004,8.3,8.015,2.545,833.0
2023-08-16 04:10:00,505.74095,15.687899999999999,2284.6757500000003,767.8533,346.7029,1178.5230999999999,350.25395000000003,776.0916500000001,1.64015,1.2085499999999998,0.1738,0.4611,8.4,9.135000000000002,2.075,1257.0
2023-08-16 04:11:00,555.51755,-7.401950000000001,2399.7797,842.68925,341.67875,1283.2181500000002,346.1829,817.1187,1.6219999999999999,1.1844999999999999,0.30355,0.4617,8.0,9.85,2.475,1589.5
2023-08-16 04:12:00,583.5941,19.97205,2750.1279999999997,904.225,390.00115,1407.6839,391.86415,851.559,1.71675,1.1978,0.19419999999999998,0.42715000000000003,8.5,10.15,1.27,1734.5
2023-08-16 04:13:00,621.5915,8.0132,2437.3037,827.171,385.5358,1274.7172,368.3259,791.1157,1.6721,1.1821,0.1689,0.4493,8.6,9.95,2.71,1640.0
2023-08-16 04:14:00,495.3113,-14.3795,2586.7173,900.1263,376.9461,1402.2483,396.9788,877.1556,1.678,1.1682,0.1949,0.3856,8.5,9.89,0.11,1599.0
2023-08-16 04:15:00,705.175,37.490849999999995,2536.4867999999997,874.6749500000001,409.69175,1312.955,411.26930000000004,835.468,1.6951,1.1477,0.22549999999999998,0.44335,8.3,9.46,0.6799999999999999,1388.0
2023-08-16 04:16:00,674.0726,23.07925,2511.3953,860.5224499999999,389.6471,1362.5877,394.61475,859.1025,1.66195,1.1708,0.1226,0.4344,8.0,9.61,1.0150000000000001,1461.0
2023-08-16 04:17:00,723.98225,53.21205,2555.271,878.3470500000001,409.24014999999997,1297.7822999999999,411.48245,828.6159,1.71545,1.17015,0.23204999999999998,0.3755,7.5,9.56,0.17,1459.0
2023-08-16 04:18:00,581.9512,61.16395,1772.3001,651.15825,335.9163,938.6401,298.62080000000003,662.5627,1.68025,1.1889500000000002,0.06670000000000001,0.2763,4.9,7.725,0.17,710.0
2023-08-16 04:19:00,378.45000000000005,-7.70185,1622.0808499999998,592.37465,278.88480000000004,906.1787999999999,255.33315,603.84655,1.645,1.20275,0.2706,0.47645000000000004,8.2,8.2,5.84,844.0
2023-08-16 04:20:00,644.67635,7.487449999999999,2757.38175,894.88835,393.07124999999996,1464.21135,393.7087,896.1685,1.709,1.1108,0.1738,0.4245,8.75,10.325,2.7,1843.5
2023-08-16 04:21:00,506.79705,18.703000000000003,2905.8789,1001.5947,332.78345,1453.9475,336.68825000000004,913.5017499999999,1.6495,1.08445,0.1286,0.1246,8.4,10.81,0.7050000000000001,2101.5
2023-08-16 04:22:00,-294.39545,-8.48565,-655.02795,-111.50875,-6.1188,-342.51665,-54.463049999999996,29.98545,0.45105,0.49635,0.093,0.41165,7.6,0.24,85.96,0.0
2023-08-16 04:23:00,233.74435,10.62915,562.2216,200.4558,129.26935,261.7912,78.87950000000001,270.9444,1.9957500000000001,1.4748999999999999,0.19355,0.45585,6.5,0.11,85.96,0.0
2023-08-16 04:24:00,366.00535,10.574300000000001,959.28355,304.07195,164.66910000000001,467.6146,121.5584,353.3503,2.47705,1.77565,0.24145,0.48255000000000003,7.75,0.065,85.96,0.0
2023-08-16 04:25:00,410.4684,4.43105,1190.0544,361.69795,188.9989,616.4951,145.478,411.55809999999997,2.7116,1.9161000000000001,0.2972,0.5181,8.1,0.14,85.96,0.0
2023-08-16 04:26:00,236.65685,-9.0971,959.8853,303.28735,159.67475000000002,516.4552,120.4747,370.47265,2.4135999999999997,1.70945,0.30255,0.53035,6.6,0.08,85.96,0.0
2023-08-16 04:27:00,14.397400000000001,-19.9911,491.42495,194.13920000000002,108.44905,292.2699,74.16235,289.07944999999995,1.776,1.3173,0.26755,0.51935,8.3,0.05,85.96,0.0
2023-08-16 04:28:00,-186.60455000000002,-27.085,-7.027049999999999,65.3138,56.903,40.5537,18.604300000000002,189.44725,1.09525,0.90875,0.238,0.5083,8.6,0.2,85.96,0.0
2023-08-16 04:29:00,-20.0291,-31.2956,517.8882,195.50705,91.66460000000001,221.62585,63.6896,250.92374999999998,1.4696500000000001,1.1294,0.2273,0.54295,8.2,2.455,32.775000000000006,0.0
2023-08-16 04:30:00,290.90965,-16.4628,1590.0136,502.00175,291.4515,862.1592,229.34805,569.82615,1.7027,1.25205,0.11785000000000001,0.44615,9.2,8.844999999999999,8.285,1167.5
2023-08-16 04:31:00,389.12385,-103.16705,2406.7919,754.658,366.65075,1363.6377499999999,309.22485,796.097,1.8649499999999999,1.1048499999999999,0.20475,0.4181,9.9,10.285,4.25,1800.0
2023-08-16 04:32:00,50.63315,-34.251149999999996,982.4391,245.66975000000002,239.635,332.97645,175.45850000000002,281.29404999999997,1.4079000000000002,1.13605,0.1247,0.45345,9.649999999999999,8.24,20.795,963.5
2023-08-16 04:33:00,-438.37064999999996,-27.22225,-880.8050000000001,-154.66875,-37.373599999999996,-433.6023,-75.0924,5.93015,0.06025,0.26239999999999997,0.08460000000000001,0.4244,7.25,0.13,85.96,0.0
2023-08-16 04:34:00,-211.90025,-10.4987,-503.953,-72.56729999999999,4.612550000000001,-273.53145,-39.582,61.0319,0.56165,0.5681,0.0817,0.41445,8.3,0.13,85.96,0.0
2023-08-16 04:35:00,136.754,3.1157000000000004,276.7853,129.34315,89.89949999999999,108.1329,46.747,214.36790000000002,1.59495,1.219,0.14529999999999998,0.4299,8.0,0.15,85.96,0.0
2023-08-16 04:36:00,386.51825,8.332,979.60095,307.88104999999996,168.01330000000002,474.77570000000003,123.32565,358.42584999999997,2.44875,1.76025,0.23365,0.47614999999999996,8.8,0.08,85.96,0.0
2023-08-16 04:37:00,425.50605,0.26839999999999997,1248.60075,378.08085,196.23520000000002,641.5777499999999,152.1694,423.38315,2.7342000000000004,1.9280499999999998,0.30505000000000004,0.5249,8.45,0.11,85.96,0.0
2023-08-16 04:38:00,331.87435,-5.9990000000000006,1129.73685,347.67560000000003,180.49599999999998,590.9159,139.80515,404.4367,2.5863,1.8310499999999998,0.30855,0.53225,7.1,0.045,85.96,0.0
2023-08-16 04:39:00,52.4273,-20.59265,577.50025,211.3657,115.4522,335.61675,81.18090000000001,303.1397,1.86935,1.37775,0.2717,0.52235,8.45,0.1,85.96,0.0
2023-08-16 04:40:00,-86.31675,-26.10105,219.2862,118.29339999999999,77.3195,149.95420000000001,42.13545,231.11505,1.43905,1.11475,0.2377,0.50685,7.9,0.045,85.96,0.0
2023-08-16 04:41:00,-315.79305,-32.58265,-384.6771,-31.12605,14.4869,-157.07704999999999,-21.69135,112.6612,0.62065,0.60995,0.1656,0.47209999999999996,8.1,0.11,85.96,0.0
2023-08-16 04:42:00,-431.85235,-31.036450000000002,-833.0732,-143.4143,-34.0851,-401.75425,-69.2498,18.7827,0.0748,0.27365,0.09265000000000001,0.4344,7.95,0.13,85.96,0.0
2023-08-16 04:43:00,-326.74760000000003,-17.889499999999998,-750.345,-135.3289,-18.0574,-391.02825,-65.55675,13.2531,0.2123,0.34845000000000004,0.0666,0.40954999999999997,7.8,0.1,85.96,0.0
2023-08-16 04:44:00,-115.5592,-7.6005,-324.98974999999996,-33.859399999999994,27.05525,-193.61214999999999,-21.7975,87.18244999999999,0.7944,0.714,0.08754999999999999,0.4088,5.8,0.06,85.96,0.0
2023-08-16 04:45:00,-91.82900000000001,-3.7626999999999997,-282.78634999999997,-18.3069,33.30705,-169.5345,-14.510950000000001,99.6323,0.8461,0.7433000000000001,0.09275,0.41285,5.95,0.045,85.96,0.0
2023-08-16 04:46:00,121.0718,4.2744,221.94505,107.17235,88.04355,78.99455,37.7821,196.99975,1.48655,1.1491500000000001,0.137,0.42705,7.5,0.1,85.96,0.0
2023-08-16 04:47:00,413.99170000000004,8.400649999999999,1048.36215,319.08455000000004,178.07319999999999,507.4605,128.35695,367.6473,2.50625,1.7938999999999998,0.24365,0.4793,7.3,0.11,85.96,0.0
2023-08-16 04:48:00,491.9356,24.5201,1193.4747499999999,353.8283,206.02224999999999,554.7384500000001,150.4209,389.93039999999996,2.68225,1.8993,0.2118,0.4325,6.05,0.0,82.73,0.0
2023-08-16 04:49:00,25.03115,-37.136849999999995,648.2265500000001,184.63325,104.73564999999999,293.16589999999997,81.61975,268.98665,1.5093999999999999,1.1312,0.2512,0.621,8.75,3.395,22.7,0.0
2023-08-16 04:50:00,263.7832,-26.71215,1678.6999500000002,556.55205,260.72815,864.89395,239.8012,589.29915,1.69915,1.2425000000000002,0.2385,0.50585,9.3,8.62,5.245,1059.0
2023-08-16 04:51:00,421.33050000000003,-21.076,2037.6486,683.43465,332.871,1128.2419,290.54999999999995,698.65925,1.71125,1.26185,0.1785,0.55775,9.7,9.78,4.84,1531.5
2023-08-16 04:52:00,596.7705000000001,-15.36445,2471.94265,798.1684,390.57505000000003,1341.87915,354.8375,819.4879000000001,1.8098999999999998,1.18865,0.13620000000000002,0.49319999999999997,9.7,10.18,2.705,1742.5
2023-08-16 04:53:00,662.54,-24.01565,2682.9624999999996,874.89625,445.70585,1437.36995,380.5117,879.113,1.68975,1.2054,0.14035,0.34935,8.75,10.26,1.745,1775.5
2023-08-16 04:54:00,554.5207,-59.146499999999996,2798.01245,916.6940999999999,415.7099,1519.57645,359.28954999999996,910.0983,1.7583,1.1635499999999999,0.1635,0.46475,8.95,10.41,1.4649999999999999,1875.0
2023-08-16 04:55:00,683.3858,-32.36195,2984.4565000000002,926.8239000000001,454.53725,1549.15085,395.3599,928.1059,1.899,1.17325,0.18475,0.6239,9.8,10.74,2.1950000000000003,2050.0
2023-08-16 04:56:00,843.5301999999999,-36.178749999999994,3113.81775,989.43785,484.7656,1657.6734999999999,426.0186,976.07915,1.8096,1.08515,0.17835,0.55535,9.5,10.975000000000001,1.3,2375.0
2023-08-16 04:57:00,680.2278,-87.90305000000001,2964.4899,915.48445,458.2179,1642.0857500000002,381.2761,953.8385,1.9897999999999998,1.18525,-0.15215,0.5598,9.9,11.024999999999999,2.715,2357.0
2023-08-16 04:58:00,319.47585000000004,-48.643299999999996,2660.803,856.4720500000001,348.7204,1483.0506500000001,269.9214,874.0989500000001,1.79365,1.2197,0.2678,0.4222,10.4,10.96,3.3899999999999997,2526.0
2023-08-16 04:59:00,380.82640000000004,3.7259,1182.54905,355.72995000000003,186.52134999999998,607.1613500000001,143.27595,405.29404999999997,2.73915,1.9295499999999999,0.307,0.52175,7.7,0.16,85.96,0.0
2023-08-16 05:00:00,110.5526,-15.086200000000002,663.5589,230.81935,125.199,371.8488,91.5911,316.04695000000004,2.06455,1.50575,0.29315,0.5256000000000001,6.85,0.16,85.96,0.0
2023-08-16 05:01:00,-303.87710000000004,-29.9264,-340.82280000000003,-17.5049,16.918100000000003,-132.1344,-15.62435,122.32065,0.77165,0.7035,0.1807,0.48075,7.2,0.135,85.96,0.0
2023-08-16 05:02:00,-437.0193,-31.5766,-788.6809000000001,-133.07614999999998,-28.11685,-372.45349999999996,-66.0839,27.097299999999997,0.1908,0.34545000000000003,0.11380000000000001,0.44875,8.649999999999999,0.1,85.96,0.0
2023-08-16 05:03:00,-304.90495,-15.794350000000001,-707.7093,-116.5243,-12.16355,-361.6726,-57.0304,28.1923,0.19575,0.34115,0.07394999999999999,0.41300000000000003,8.1,0.19,85.96,0.0
2023-08-16 05:04:00,203.9701,7.797000000000001,469.20085,171.59115,113.95895,206.82415,65.41980000000001,246.24755,1.8176999999999999,1.3629,0.16995,0.4403,8.75,0.13,85.96,0.0
2023-08-16 05:05:00,418.57550000000003,8.36715,1083.789,327.9527,180.5506,529.3956000000001,131.32614999999998,375.65935,2.65685,1.88715,0.26595,0.49534999999999996,9.7,0.13,85.96,0.0
2023-08-16 05:06:00,435.34445,4.09115,1257.574,374.90909999999997,197.18374999999997,637.4639,150.8399,417.9078,2.77195,1.9518,0.29535,0.5158,9.9,0.03,85.96,0.0
2023-08-16 05:07:00,373.07335,-2.69275,1203.1526,361.36564999999996,190.81345,625.6248,144.3321,414.8395,2.68475,1.8912499999999999,0.30695,0.52675,9.6,0.13,85.96,0.0
2023-08-16 05:08:00,133.98705,-15.9719,726.67985,247.13285000000002,133.237,402.5525,95.8664,328.63145,2.07385,1.5057999999999998,0.28815,0.52745,7.9,0.05,85.96,0.0
2023-08-16 05:09:00,-39.3806,-21.5758,333.8343,143.78379999999999,95.59635,207.1005,54.00665,248.73469999999998,1.6294,1.22655,0.25285,0.5138,9.2,0.07,85.96,0.0
2023-08-16 05:10:00,-371.1554,-30.77295,-554.3226,-73.63815,-0.6126499999999999,-250.3369,-39.706050000000005,75.17425,0.52305,0.5506500000000001,0.155,0.46845,9.3,0.135,85.96,0.0
2023-08-16 05:11:00,-424.78615,-30.200400000000002,-832.1176,-142.6415,-28.7805,-399.86315,-71.39325,18.514899999999997,0.09135,0.28185000000000004,0.09734999999999999,0.4384,8.7,0.15,85.96,0.0
2023-08-16 05:12:00,-251.62185,-14.0399,-602.9715,-97.7869,1.8576000000000001,-324.7364,-51.3203,39.784000000000006,0.37395,0.45115,0.07145,0.4079,7.1,0.16,85.96,0.0
2023-08-16 05:13:00,63.1195,1.00545,93.5424,78.6772,76.8775,13.2808,25.259549999999997,172.1575,1.25705,1.01375,0.1204,0.4163,7.15,0.08499999999999999,85.96,0.0
2023-08-16 05:14:00,272.14930000000004,7.05825,667.0925500000001,223.02859999999998,134.8115,309.6737,84.4622,288.3811,1.9941,1.47825,0.18065,0.44775,8.5,0.07,85.96,0.0
2023-08-16 05:15:00,373.57375,9.1504,918.6513,284.71434999999997,161.1221,436.642,113.3081,336.30825000000004,2.43935,1.75275,0.2323,0.4738,7.2,0.07500000000000001,85.96,0.0
2023-08-16 05:16:00,424.31655,8.04565,1107.66035,334.40520000000004,184.27910000000003,541.71755,134.6764,379.6189,2.6377,1.8764,0.2618,0.49275,8.0,0.0,85.96,0.0
2023-08-16 05:17:00,437.5377,3.2026000000000003,1261.0949500000002,372.8998,196.9995,637.28105,149.12290000000002,416.457,2.7628000000000004,1.94415,0.29510000000000003,0.51285,9.8,0.08,85.96,0.0
2023-08-16 05:18:00,371.46515,-5.18835,1187.613,357.81264999999996,188.09910000000002,614.8906,142.64185,410.20095000000003,2.6718,1.88015,0.30865,0.5285,10.0,0.08,85.96,0.0
2023-08-16 05:19:00,208.33255,-14.754750000000001,873.3543999999999,285.94135,150.20350000000002,474.52435,113.1993,358.9975,2.20005,1.5838,0.2935,0.5278,8.7,0.09,85.96,0.0
2023-08-16 05:20:00,-167.7302,-28.68515,15.90235,69.3438,60.13675,48.39785,20.3572,191.23534999999998,1.1715499999999999,0.95895,0.2178,0.4962,8.75,0.14,85.96,0.0
2023-08-16 05:21:00,-417.99109999999996,-34.0644,-734.2253000000001,-112.89505,-21.5195,-344.60165,-58.671549999999996,43.49105,0.19235,0.35225,0.11449999999999999,0.4447,9.7,0.15,85.96,0.0
2023-08-16 05:22:00,-366.64824999999996,-23.29555,-806.3077000000001,-141.61534999999998,-24.7526,-414.1026,-71.08485,10.071200000000001,0.13225,0.29415,0.067,0.4095,10.2,0.1,85.96,0.0
2023-08-16 05:23:00,-45.15375,-5.7332,-169.05304999999998,11.08765,44.36485,-115.8024,-5.7969,121.3415,1.00115,0.84995,0.10505,0.4145,9.350000000000001,0.17,85.96,0.0
2023-08-16 05:24:00,318.4373,7.22035,763.18875,245.20985000000002,143.92079999999999,358.3133,95.73355,306.29445,2.1114499999999996,1.5509,0.1987,0.4556,9.7,0.1,85.96,0.0
2023-08-16 05:25:00,437.49395000000004,4.31055,1204.5471499999999,359.46759999999995,192.7867,597.2055,143.631,402.84505,2.7367999999999997,1.9313,0.28105,0.50425,8.95,0.11,85.96,0.0
2023-08-16 05:26:00,347.9479,-5.78085,1119.2948000000001,338.78365,181.53035,577.4535000000001,136.25235,394.251,2.63375,1.8556,0.3085,0.52895,8.5,0.11,85.96,0.0
2023-08-16 05:27:00,43.730900000000005,-18.8186,488.98895000000005,184.89625,114.70095,282.8292,70.7766,281.06359999999995,1.8057500000000002,1.34245,0.27349999999999997,0.52335,10.4,0.08499999999999999,85.96,0.0
2023-08-16 05:28:00,-116.48665,-29.40745,136.11885,97.21424999999999,73.7085,105.9325,32.9713,213.6311,1.2927,1.03275,0.22810000000000002,0.5002500000000001,9.7,0.11,85.96,0.0
2023-08-16 05:29:00,-397.70085,-34.8135,-672.7987,-100.1899,-14.922049999999999,-312.8713,-52.5025,56.869550000000004,0.3086,0.42125,0.13535,0.45645,9.05,0.14,85.96,0.0
2023-08-16 05:30:00,-397.8624,-26.40385,-832.2769000000001,-145.6452,-28.23345,-415.3003,-71.90205,10.31695,0.049850000000000005,0.2508,0.07375000000000001,0.41765,9.9,0.11,85.96,0.0
2023-08-16 05:31:00,-185.8184,-14.481349999999999,-470.87915,-63.819050000000004,13.593,-260.79290000000003,-36.97605,66.06514999999999,0.5999,0.5848,0.0791,0.40515,8.7,0.10500000000000001,85.96,0.0
2023-08-16 05:32:00,10.5421,-1.95125,-29.37305,49.0002,65.21615,-44.6961,12.7656,150.81900000000002,1.1025,0.92225,0.11495,0.41685,6.55,0.11,85.96,0.0
2023-08-16 05:33:00,369.28285,5.943099999999999,899.14725,283.50035,161.2301,429.9565,110.2039,338.6246,2.31255,1.671,0.21775,0.4643,9.7,0.13,85.96,0.0
2023-08-16 05:34:00,448.6263,3.28835,1232.49435,365.8384,197.4273,612.5219500000001,146.0369,408.2864,2.7301,1.9326500000000002,0.28285,0.50275,6.05,0.065,85.96,0.0
2023-08-16 05:35:00,428.11915,0.026000000000000002,1240.33225,368.56905,196.60075,626.7774999999999,148.0744,414.2735,2.75625,1.94,0.2992,0.51525,8.8,0.1,85.96,0.0
2023-08-16 05:36:00,240.62575,-11.29945,899.35005,282.9442,158.82425,473.60545,113.5189,353.71860000000004,2.37005,1.6965,0.30405,0.5288,8.4,0.11,85.96,0.0
2023-08-16 05:37:00,-78.95935,-25.82375,231.9118,127.80295000000001,81.10545,157.47,44.4653,239.59834999999998,1.42725,1.10525,0.24064999999999998,0.5063500000000001,7.699999999999999,0.10500000000000001,85.96,0.0
2023-08-16 05:38:00,-353.19804999999997,-32.99055,-523.49315,-61.80245,2.8299000000000003,-235.9281,-38.037099999999995,85.84815,0.42885,0.49905,0.14934999999999998,0.4643,7.3,0.155,85.96,0.0
2023-08-16 05:39:00,-344.26835,-23.60935,-768.58325,-134.41995,-19.6359,-399.0479,-67.172,17.448500000000003,0.12125,0.29375,0.0718,0.4098,10.3,0.15,85.96,0.0
2023-08-16 05:40:00,34.98925,-3.0164999999999997,26.76865,59.58955,66.2442,-17.9822,15.323,160.3195,1.20335,0.9803999999999999,0.12085,0.41769999999999996,9.05,0.17,85.96,0.0
2023-08-16 05:41:00,400.31640000000004,6.2431,993.52355,308.5494,169.4035,477.3374,122.851,359.49295,2.4669,1.76505,0.23770000000000002,0.47314999999999996,8.7,0.11,85.96,0.0
2023-08-16 05:42:00,446.9654,3.0069,1230.0727000000002,365.9465,193.64589999999998,612.6349,147.40455,410.31135,2.7674000000000003,1.94455,0.29435,0.51145,10.45,0.08499999999999999,85.96,0.0
2023-08-16 05:43:00,383.97114999999997,-4.82535,1203.45625,357.94444999999996,187.17335,619.54125,142.56975,411.83355,2.66395,1.8787500000000001,0.31275,0.52885,8.15,0.05,85.96,0.0
2023-08-16 05:44:00,219.13819999999998,-14.15615,887.03475,283.59315000000004,150.095,476.05475,112.2646,357.48545,2.32355,1.6557,0.30269999999999997,0.5265,8.05,0.12,85.96,0.0
2023-08-16 05:45:00,-76.2052,-26.2566,239.94484999999997,123.67015,83.84309999999999,156.00295,44.34275,235.4657,1.4694500000000001,1.1292499999999999,0.24455,0.5084500000000001,9.7,0.07,85.96,0.0
2023-08-16 05:46:00,-301.29215,-35.031949999999995,-358.52985,-25.75195,19.129849999999998,-145.84050000000002,-19.68595,117.83019999999999,0.69465,0.655,0.1761,0.47395,9.6,0.12,85.96,0.0
2023-08-16 05:47:00,-380.72475,-26.761400000000002,-798.24535,-143.0163,-25.511200000000002,-406.19214999999997,-69.97059999999999,11.5876,0.13575,0.3052,0.07355,0.41285,7.800000000000001,0.17,85.96,0.0
2023-08-16 05:48:00,-178.8923,-11.7481,-455.53565000000003,-62.0938,17.3114,-253.46405,-34.81125,66.4924,0.6226499999999999,0.5967,0.0851,0.40565,7.55,0.07,85.96,0.0
2023-08-16 05:49:00,-28.530700000000003,-4.2924500000000005,-125.50035,21.0199,50.550250000000005,-94.49375,0.86825,129.368,1.046,0.8775,0.11055000000000001,0.41375,7.95,0.035,85.96,0.0
2023-08-16 05:50:00,222.1987,4.40135,471.75635,173.3421,117.45855,202.7169,67.0502,248.7876,1.83555,1.3685,0.172,0.44035,7.35,0.11,85.96,0.0
2023-08-16 05:51:00,377.87885,6.6235,916.0118,289.13559999999995,161.31715,434.0213,115.3324,342.3903,2.37085,1.70795,0.22775,0.47025,8.3,0.045,85.96,0.0
2023-08-16 05:52:00,454.5155,2.35225,1260.46625,375.45655,200.04975000000002,629.1411,150.04680000000002,417.80715,2.7549,1.94255,0.2891,0.50685,10.4,0.09,85.96,0.0
2023-08-16 05:53:00,387.91935,-5.36325,1211.4885,364.68335,193.20335,624.3978999999999,145.81965,416.09035,2.68295,1.8887,0.3121,0.5264,8.100000000000001,0.08,85.96,0.0
2023-08-16 05:54:00,188.43535,-15.992249999999999,821.9022,272.13649999999996,142.65339999999998,443.0169,105.29974999999999,348.25765,2.2134,1.58995,0.3019,0.52875,8.1,0.11,85.96,0.0
2023-08-16 05:55:00,-141.80599999999998,-29.0581,70.95865,80.82345000000001,67.31280000000001,74.6768,25.893749999999997,200.6366,1.2518,1.00395,0.2286,0.5,10.0,0.13,85.96,0.0
2023-08-16 05:56:00,-378.43870000000004,-34.897850000000005,-605.3177000000001,-84.3957,-5.73105,-281.7627,-45.7938,67.19890000000001,0.32075,0.42769999999999997,0.1354,0.4544,9.1,0.10500000000000001,85.96,0.0
2023-08-16 05:57:00,-366.84524999999996,-24.47555,-798.7974,-139.7135,-20.615099999999998,-402.68065,-69.08255,15.13195,0.08875,0.27255,0.07415,0.41385,9.850000000000001,0.15,85.96,0.0
2023-08-16 05:58:00,-85.2142,-7.9862,-252.7439,-11.8309,36.96455,-157.1558,-14.87485,104.27305000000001,0.8794500000000001,0.7642500000000001,0.1015,0.41054999999999997,8.3,0.14,85.96,0.0
2023-08-16 05:59:00,302.3161,5.767,697.42535,230.93689999999998,138.09675,321.00535,88.3275,294.302,2.0733,1.5244,0.1987,0.4513,8.95,0.13,85.96,0.0
2023-08-16 06:00:00,449.9091,5.2092,1185.23305,357.0795,186.60545000000002,584.2854,141.56495,399.44280000000003,2.69135,1.9062,0.27444999999999997,0.4978,9.55,0.1,85.96,0.0
2023-08-16 06:01:00,351.0857,-7.02125,1117.2255,342.73255,178.1455,577.52305,136.67419999999998,397.71889999999996,2.6149,1.8422999999999998,0.3083,0.5272,8.75,0.16,85.96,0.0
2023-08-16 06:02:00,-55.454899999999995,-26.178199999999997,279.72545,132.5453,86.4949,181.79665,46.971199999999996,241.3373,1.51845,1.1622,0.25045,0.50955,9.05,0.15,85.96,0.0
2023-08-16 06:03:00,-406.61845,-35.23245,-699.4088999999999,-112.56155,-18.3416,-328.6793,-57.23895,45.30115,0.26365,0.39005,0.13155,0.4507,9.45,0.19,85.96,0.0
2023-08-16 06:04:00,-258.46915,-18.34755,-631.4780000000001,-106.0096,-2.6484,-339.5427,-53.64245,35.24205,0.26034999999999997,0.38885000000000003,0.076,0.4089,8.4,0.17,85.96,0.0
2023-08-16 06:05:00,185.37155,1.1618,364.42625,147.83474999999999,98.88364999999999,148.4192,53.4182,228.27724999999998,1.69355,1.2764,0.1608,0.43225,9.350000000000001,0.21,85.96,0.0
2023-08-16 06:06:00,427.58015,3.49945,1180.1527999999998,349.69870000000003,188.23624999999998,580.9530500000001,142.34210000000002,394.80885,2.722,1.9188,0.295,0.5102,10.2,0.18,85.96,0.0
2023-08-16 06:07:00,247.33280000000002,-14.28065,934.7344,305.3198,155.208,500.6691,120.3845,375.71185,2.3218,1.6589999999999998,0.3053,0.5283,7.9,0.09,85.96,0.0
2023-08-16 06:08:00,1.6574000000000002,-24.52945,392.08410000000003,169.59645,93.23920000000001,238.03785,62.3886,273.41645,1.5011999999999999,1.1441,0.24985000000000002,0.5084,7.9,0.18,85.96,0.0
2023-08-16 06:09:00,-372.92629999999997,-30.64065,-757.5454500000001,-126.73325,-22.598550000000003,-386.50125,-63.466,23.978650000000002,0.1936,0.3352,0.09609999999999999,0.4314,10.3,0.29,85.96,0.0
2023-08-16 06:10:00,29.075699999999998,-3.9542,-7.146100000000001,52.71285,56.4435,-36.8293,12.186,154.67374999999998,1.2007,0.9706,0.12055,0.41555,10.1,0.18,85.96,0.0
2023-08-16 06:11:00,402.35699999999997,4.998,1005.9347,312.46754999999996,167.12394999999998,485.24109999999996,123.0747,361.70174999999995,2.4801,1.7745,0.24330000000000002,0.4763,10.55,0.15,85.96,0.0
2023-08-16 06:12:00,264.27625,-13.0734,958.19965,298.81295,157.59055,505.07214999999997,118.0351,367.81534999999997,2.4221000000000004,1.7174,0.30635,0.5244,10.45,0.24,85.96,0.0
2023-08-16 06:13:00,-277.80330000000004,-34.09015,-303.41695,-7.26735,19.858150000000002,-116.75195,-13.55835,132.5774,0.7342,0.67535,0.18385,0.47809999999999997,9.7,0.23,85.96,0.0
2023-08-16 06:14:00,-271.7099,-20.04595,-655.0599,-114.11085,-10.56795,-348.77329999999995,-58.99785,30.025100000000002,0.3918,0.45840000000000003,0.0863,0.4112,8.9,0.275,85.96,0.0
2023-08-16 06:15:00,366.5349,4.5044,887.0469,278.71975,156.9349,422.91805,109.7365,335.88135,2.34255,1.6911999999999998,0.2258,0.46545000000000003,10.649999999999999,0.2,85.96,0.0
2023-08-16 06:16:00,411.2249,-3.3615500000000003,1189.3276,354.36154999999997,186.89225,596.3530000000001,142.34225,404.3299,2.7167,1.9108999999999998,0.31095,0.52325,10.55,0.195,85.96,0.0
2023-08-16 06:17:00,-54.70295,-28.05415,278.26874999999995,141.1009,83.56415,179.76855,50.682,249.66834999999998,1.4518499999999999,1.11855,0.24805,0.5065999999999999,10.5,0.2,85.96,0.0
2023-08-16 06:18:00,-411.01435000000004,-34.0382,-809.17115,-136.27245,-30.201099999999997,-392.7555,-68.3663,25.028,0.10555,0.28335,0.10205,0.433,9.149999999999999,0.2,85.96,0.0
2023-08-16 06:19:00,-108.67095,-12.140699999999999,-321.32665,-29.10625,25.458399999999997,-190.8243,-22.0929,92.45294999999999,0.802,0.7111000000000001,0.09825,0.40854999999999997,9.9,0.22,85.96,0.0
2023-08-16 06:20:00,386.3707,5.4154,924.7755999999999,285.0876,164.6953,437.41020000000003,114.99879999999999,338.88710000000003,2.45565,1.7595,0.241,0.47545,10.25,0.175,85.96,0.0
2023-08-16 06:21:00,399.01035,-5.58375,1198.40185,357.94309999999996,188.90625,607.0952,143.90285,407.58349999999996,2.7286,1.9143,0.31555,0.5252,10.8,0.16,85.96,0.0
2023-08-16 06:22:00,99.20965,-23.61915,633.5274999999999,229.1328,120.01429999999999,356.10995,87.993,318.55365,1.90335,1.4001000000000001,0.28735,0.52165,8.85,0.13,85.96,0.0
2023-08-16 06:23:00,-303.2582,-33.92445,-377.52785,-20.45445,14.0789,-156.3282,-17.797150000000002,121.7262,0.59355,0.58615,0.1729,0.4714,9.75,0.19,85.96,0.0
2023-08-16 06:24:00,-377.25874999999996,-27.97305,-805.9712,-140.0655,-30.1389,-403.24275,-69.23575,16.64875,0.1313,0.29705000000000004,0.08235,0.4097,9.7,0.23,85.96,0.0
2023-08-16 06:25:00,166.58089999999999,1.451,328.7451,133.7048,95.74225,131.7569,49.3351,218.47735,1.69495,1.27405,0.1633,0.43495,8.5,0.2,85.96,0.0
2023-08-16 06:26:00,420.63455,-0.352,1184.2857,354.39599999999996,187.526,600.3091999999999,142.89620000000002,404.16634999999997,2.69455,1.90435,0.30725,0.5176499999999999,10.6,0.24,85.96,0.0
2023-08-16 06:27:00,52.622749999999996,-21.9814,514.0527,189.47925,111.5321,295.3992,73.571,290.6521,1.6531,1.2396500000000001,0.26715,0.5138,11.0,0.17,85.96,0.0
2023-08-16 06:28:00,-400.38705,-34.85015,-686.8727,-105.03395,-17.6789,-323.3616,-54.066050000000004,53.9179,0.21295,0.35925,0.1257,0.44625000000000004,10.6,0.25,85.96,0.0
2023-08-16 06:29:00,-283.5259,-20.479599999999998,-690.0735500000001,-117.7527,-11.8021,-368.20525,-58.7786,26.78555,0.37695,0.4494,0.08015,0.406,11.1,0.17,85.96,0.0
2023-08-16 06:30:00,207.1922,3.3546500000000004,428.073,162.86984999999999,107.58455000000001,182.86065,61.91985,243.0486,1.8232499999999998,1.36035,0.1749,0.43789999999999996,8.95,0.165,85.96,0.0
2023-08-16 06:31:00,432.36985000000004,3.7584,1139.1990999999998,339.2107,184.68095,557.3471,137.34535,386.9425,2.6096,1.8542999999999998,0.26755,0.49135,11.5,0.20500000000000002,85.96,0.0
2023-08-16 06:32:00,184.21205,-19.31925,827.91615,272.22645,143.86169999999998,450.0896,105.7359,351.71515,2.1769499999999997,1.5663,0.30465,0.5259,10.350000000000001,0.18,85.96,0.0
2023-08-16 06:33:00,-69.61035000000001,-29.207700000000003,213.4324,115.1311,78.71035,142.02609999999999,41.649950000000004,229.8707,1.4582,1.113,0.24914999999999998,0.50255,12.2,0.14,85.96,0.0
2023-08-16 06:34:00,-385.2195,-35.807100000000005,-658.0318,-91.88215,-16.359949999999998,-310.4008,-47.2196,63.545649999999995,0.23175,0.3707,0.129,0.44765,10.95,0.17,85.96,0.0
2023-08-16 06:35:00,-345.1195,-26.191850000000002,-787.2282,-142.0721,-23.803199999999997,-409.6771,-69.0222,13.8461,0.15725,0.31295,0.08030000000000001,0.40825,12.1,0.16,85.96,0.0
2023-08-16 06:36:00,112.2462,-0.9177500000000001,202.87565,101.3537,86.9785,68.45394999999999,36.4097,193.79635000000002,1.47225,1.1296,0.14775,0.4235,9.25,0.17,85.96,0.0
2023-08-16 06:37:00,441.42475,3.65585,1134.81035,341.1639,185.04579999999999,554.863,139.04145,389.9205,2.6450500000000003,1.87535,0.2733,0.4912,11.55,0.16,85.96,0.0
2023-08-16 06:38:00,348.2736,-10.71945,1154.57985,349.12155,183.05695,601.6938,141.07055,408.615,2.56675,1.8056,0.31735,0.52895,9.350000000000001,0.14,85.96,0.0
2023-08-16 06:39:00,-40.1633,-26.973300000000002,310.8503,141.1423,90.75605,194.78905,53.782799999999995,251.95195,1.52285,1.16065,0.25815,0.5094000000000001,11.25,0.15,85.96,0.0
2023-08-16 06:40:00,-389.52729999999997,-36.102450000000005,-649.81215,-89.61035000000001,-12.84815,-302.7172,-46.911649999999995,67.53935,0.2939,0.41135,0.1396,0.45230000000000004,11.149999999999999,0.185,85.96,0.0
2023-08-16 06:41:00,-352.70535,-25.3859,-808.8456,-150.303,-25.55155,-420.06575,-71.96305,9.02205,0.18665,0.33015,0.08115,0.4095,11.7,0.17,85.96,0.0
2023-08-16 06:42:00,135.85070000000002,1.8213,242.84480000000002,104.2008,94.2843,84.32295,39.04365,196.00395,1.6114000000000002,1.2142,0.15905,0.4292,9.9,0.2,85.96,0.0
2023-08-16 06:43:00,440.8932,4.0497,1153.8605,341.23335,183.20825000000002,565.406,139.57385,390.3931,2.6465500000000004,1.8723999999999998,0.269,0.48745,12.75,0.11,85.96,0.0
2023-08-16 06:44:00,450.6308,1.6780499999999998,1254.10085,367.97095,195.9737,627.5437,152.04025000000001,415.25655,2.7615,1.9422000000000001,0.304,0.51135,12.8,0.13,85.96,0.0
2023-08-16 06:45:00,312.5925,-13.15385,1097.8829,324.32405,173.30784999999997,570.49645,133.01805000000002,392.86565,2.4702,1.7432,0.31589999999999996,0.52625,12.0,0.14500000000000002,85.96,0.0
2023-08-16 06:46:00,-7.2579,-25.8724,395.788,159.87455,100.8823,238.3323,60.97795,263.78895,1.58925,1.1880000000000002,0.26180000000000003,0.5091,12.2,0.125,85.96,0.0
2023-08-16 06:47:00,-410.67150000000004,-33.618449999999996,-814.56085,-135.89265,-28.679450000000003,-399.83230000000003,-65.5291,24.7455,0.08805,0.2759,0.10500000000000001,0.43425,12.149999999999999,0.22,85.96,0.0
2023-08-16 06:48:00,-290.22935,-20.27335,-691.31445,-121.44375,-11.6684,-368.81815,-59.8684,25.3179,0.37075,0.44335,0.08549999999999999,0.4091,12.649999999999999,0.21,85.96,0.0
2023-08-16 06:49:00,309.006,4.7874,716.5834,232.8084,141.22895,327.62035000000003,93.04325,299.9166,2.1544499999999998,1.5896,0.2104,0.45430000000000004,12.2,0.19,85.96,0.0
2023-08-16 06:50:00,433.87604999999996,1.4159000000000002,1199.3094999999998,356.61985,191.4998,614.16085,146.07185,411.24935000000005,2.7194000000000003,1.9144999999999999,0.31465,0.51715,12.4,0.2,85.96,0.0
2023-08-16 06:51:00,106.61075,-20.4772,651.24975,227.4765,124.9358,362.37885,90.98855,317.94845,1.9484,1.42515,0.2909,0.52005,12.1,0.16,85.96,0.0
2023-08-16 06:52:00,-319.967,-33.46145,-436.12760000000003,-50.0794,11.244399999999999,-189.85840000000002,-26.931449999999998,98.5626,0.52285,0.55435,0.1648,0.46585,11.9,0.19,85.96,0.0
2023-08-16 06:53:00,-380.6157,-24.466,-816.1052999999999,-143.30554999999998,-25.9583,-412.2892,-68.16955,14.3154,0.09889999999999999,0.27790000000000004,0.0829,0.41400000000000003,11.45,0.155,85.96,0.0
2023-08-16 06:54:00,-157.6549,-9.4749,-434.25095,-54.9422,17.6831,-243.0069,-28.405549999999998,73.6568,0.6618999999999999,0.6288,0.09915,0.4087,9.8,0.175,85.96,0.0
2023-08-16 06:55:00,306.5298,7.8329,709.0223,229.3828,141.67945,325.66589999999997,92.8423,297.0675,2.12975,1.55775,0.21084999999999998,0.45585,11.9,0.14,85.96,0.0
2023-08-16 06:56:00,461.55995,4.7166999999999994,1280.55045,368.48415,199.35545000000002,641.5026499999999,152.4338,418.04499999999996,2.7592499999999998,1.93765,0.307,0.51085,13.2,0.16,85.96,0.0
2023-08-16 06:57:00,205.7185,-14.18605,875.8887500000001,271.4011,150.46280000000002,470.457,111.9387,349.3976,2.2106000000000003,1.58965,0.3066,0.52505,11.75,0.2,85.96,0.0
2023-08-16 06:58:00,-227.7406,-31.1618,-151.5144,20.1508,39.7081,-42.908649999999994,4.806,154.8937,0.8497,0.74755,0.2006,0.482,12.7,0.185,85.96,0.0
2023-08-16 06:59:00,-398.0915,-26.9235,-823.27235,-143.14195,-26.34425,-417.60704999999996,-65.98435,15.829149999999998,0.0916,0.2777,0.0915,0.42095,12.1,0.17,85.96,0.0
2023-08-16 07:00:00,-170.1859,-8.32315,-479.54150000000004,-67.26644999999999,15.495750000000001,-269.18780000000004,-31.381149999999998,66.96979999999999,0.68275,0.63225,0.09615,0.40505,11.3,0.125,85.96,0.0
2023-08-16 07:01:00,244.89785,9.6526,536.2811999999999,183.36804999999998,128.5897,235.59699999999998,76.8239,259.36215,1.91695,1.4257,0.18464999999999998,0.4383,11.25,0.13,85.96,0.0
2023-08-16 07:02:00,429.54675,11.7579,1112.56035,328.90025,183.55689999999998,537.7438500000001,137.31125,379.3994,2.61325,1.8580999999999999,0.26580000000000004,0.48324999999999996,11.6,0.11,85.96,0.0
2023-08-16 07:03:00,459.42359999999996,9.0517,1238.9286499999998,364.8279,198.7011,618.2625,151.83225,410.02165,2.7435,1.92855,0.2932,0.5042500000000001,10.05,0.09,85.96,0.0
2023-08-16 07:04:00,389.3324,-1.6451,1169.60315,344.04705,191.728,596.99985,145.0301,398.41835,2.68835,1.89235,0.31494999999999995,0.522,7.9,0.215,85.96,0.0
2023-08-16 07:05:00,111.3254,-15.9679,649.2257999999999,205.203,130.09855,354.51284999999996,84.95755,301.1463,1.8621,1.36925,0.2854,0.51825,12.5,0.08499999999999999,85.96,0.0
2023-08-16 07:06:00,-163.96499999999997,-24.98845,-38.07055,48.1178,62.528000000000006,12.672,18.234099999999998,175.5126,0.99,0.83215,0.21255000000000002,0.48585,11.75,0.12,85.96,0.0
2023-08-16 07:07:00,-377.47095,-22.1537,-814.3385499999999,-143.55085000000003,-22.518099999999997,-411.89365,-66.1199,14.16145,0.12845,0.30005,0.08815,0.41445,12.3,0.17,85.96,0.0
2023-08-16 07:08:00,-197.53605,-8.7771,-522.71805,-83.00370000000001,14.75085,-294.72945,-40.951350000000005,48.64005,0.6508499999999999,0.6011,0.09054999999999999,0.40364999999999995,11.25,0.11,85.96,0.0
2023-08-16 07:09:00,168.6723,9.381250000000001,292.19205,119.53895,107.81465,114.49265,49.785849999999996,208.2893,1.6149499999999999,1.22525,0.15955,0.42865,10.25,0.17,85.96,0.0
2023-08-16 07:10:00,441.7957,11.37935,1114.3555000000001,323.5123,192.49110000000002,538.17705,135.7116,375.3357,2.64485,1.8751,0.27259999999999995,0.48745,12.350000000000001,0.14,85.96,0.0
2023-08-16 07:11:00,384.56365,-1.7442000000000002,1194.40825,346.82155,196.4294,614.8879,140.5768,404.64105,2.63755,1.8504999999999998,0.3179,0.5257499999999999,11.95,0.165,85.96,0.0
2023-08-16 07:12:00,72.01205,-17.42845,563.7312999999999,185.38254999999998,125.73,305.08444999999995,75.20570000000001,282.6742,1.7306,1.2797,0.27615,0.51115,10.75,0.11,85.96,0.0
2023-08-16 07:13:00,-351.68865,-27.79885,-542.72155,-64.59094999999999,6.6107,-255.09245,-34.413250000000005,84.5692,0.41195000000000004,0.48405,0.15610000000000002,0.4566,11.149999999999999,0.2,85.96,0.0
2023-08-16 07:14:00,-372.54920000000004,-23.47325,-824.6345,-151.0129,-18.19755,-419.7265,-72.91405,7.5662,0.08224999999999999,0.26785000000000003,0.0807,0.41085,12.350000000000001,0.12,85.96,0.0
2023-08-16 07:15:00,-147.50095,-6.4318,-421.54335000000003,-58.79445,28.7409,-246.82850000000002,-33.08615,68.0664,0.73385,0.6635,0.1,0.40585000000000004,11.5,0.13,85.96,0.0
2023-08-16 07:16:00,200.7348,6.41315,390.05845,142.2913,117.22370000000001,155.01725,52.73255,224.5555,1.7618,1.3158500000000002,0.1704,0.4274,8.6,0.13,85.96,0.0
2023-08-16 07:17:00,410.67449999999997,8.82635,1031.72255,310.05215,178.6104,495.47945,122.6081,361.49855,2.5167,1.79185,0.25095,0.47345,13.4,0.11,85.96,0.0
2023-08-16 07:18:00,463.4101,2.5599,1283.9483,375.94005000000004,205.9711,647.6940500000001,149.0519,420.8879,2.75565,1.9325999999999999,0.30795,0.5093,12.8,0.125,85.96,0.0
2023-08-16 07:19:00,273.28015,-14.894400000000001,1006.89615,307.30795,170.7018,530.01965,119.4248,376.37745,2.3046499999999996,1.6351,0.3119,0.52295,9.75,0.14,85.96,0.0
2023-08-16 07:20:00,-5.7509,-24.1952,363.87514999999996,144.9472,104.5012,215.82465,50.7232,251.4619,1.5905,1.1918,0.26125,0.50775,9.3,0.04,85.96,0.0
2023-08-16 07:21:00,-291.0325,-32.667199999999994,-373.5653,-31.346649999999997,23.88535,-159.84015,-24.8568,111.94550000000001,0.57255,0.5715,0.1689,0.4651,11.649999999999999,0.21,85.96,0.0
2023-08-16 07:22:00,-397.73064999999997,-27.20745,-856.5168,-154.40515,-26.459600000000002,-431.1309,-79.51355000000001,5.4117,0.07725,0.25739999999999996,0.08235,0.41095,8.4,0.15,85.96,0.0
2023-08-16 07:23:00,46.9611,-4.1004000000000005,31.121199999999998,51.7217,76.331,-22.78245,10.37765,152.95929999999998,1.26065,1.00875,0.12865,0.41390000000000005,10.45,0.14500000000000002,85.96,0.0
2023-08-16 07:24:00,285.17920000000004,5.787649999999999,630.43245,209.367,138.51465,281.31264999999996,79.35480000000001,278.26835,2.00625,1.4785,0.18885000000000002,0.44025000000000003,10.0,0.0,85.96,0.0
2023-08-16 07:25:00,227.86395,3.12645,510.59934999999996,181.0369,124.83385000000001,220.39035,65.7952,255.038,1.8509,1.37195,0.1781,0.4341,7.45,0.025,85.96,0.0
2023-08-16 07:26:00,367.80985,5.739,902.69985,279.6071,163.65615,425.98685,106.34004999999999,334.39635,2.33075,1.6752500000000001,0.2254,0.45765,11.2,0.04,85.96,0.0
2023-08-16 07:27:00,444.10535,4.4162,1150.7674,336.3444,191.013,560.5248,132.32105,382.94395,2.6502,1.8636499999999998,0.2679,0.4871,10.149999999999999,0.13,85.96,0.0
2023-08-16 07:28:00,377.887,-8.60915,1188.4772,358.2819,192.6125,615.4685,139.25265000000002,406.8399,2.6140999999999996,1.8349,0.31435,0.52205,9.55,0.12,85.96,0.0
2023-08-16 07:29:00,6.566,-23.15535,357.6972,144.12605,105.0303,214.31775,55.4289,249.48735,1.6665,1.2439,0.265,0.51115,11.7,0.135,85.96,0.0
2023-08-16 07:30:00,-337.02070000000003,-35.8296,-500.8659,-59.11565,7.45175,-227.60770000000002,-37.82585,90.2398,0.4791,0.5106999999999999,0.16005000000000003,0.45799999999999996,8.6,0.16,85.96,0.0
2023-08-16 07:31:00,-400.9934,-33.4384,-832.9264499999999,-148.45850000000002,-25.7031,-418.3059,-76.30345,13.93135,0.0632,0.25785,0.0931,0.42264999999999997,8.6,0.135,85.96,0.0
2023-08-16 07:32:00,-242.4295,-19.6857,-598.92535,-96.9538,5.10135,-326.37395,-52.518,41.770700000000005,0.40775,0.46475,0.07915,0.4019,11.2,0.19,85.96,0.0
2023-08-16 07:33:00,272.2173,2.45165,604.995,206.0149,134.7489,269.6074,77.52425,275.251,1.9839,1.45745,0.19419999999999998,0.442,10.1,0.17,85.96,0.0
2023-08-16 07:34:00,452.24285,2.0966,1221.95145,358.4533,200.20184999999998,609.69055,141.92765,407.13295,2.7432499999999997,1.92325,0.29600000000000004,0.50255,12.0,0.15,85.96,0.0
2023-08-16 07:35:00,157.28545,-18.78825,724.1437,235.80925000000002,141.47899999999998,390.15335000000005,90.98685,320.1327,2.0953999999999997,1.51795,0.29205000000000003,0.51595,10.0,0.19,85.96,0.0
2023-08-16 07:36:00,-340.51675,-35.26935,-536.9379,-66.86045,2.60855,-245.8663,-41.202,83.03,0.40185,0.4694,0.1491,0.4534,11.3,0.23,85.96,0.0
2023-08-16 07:37:00,-296.81719999999996,-21.5317,-710.3308999999999,-125.08324999999999,-9.156099999999999,-375.50395000000003,-65.4482,20.16185,0.21955000000000002,0.3468,0.0793,0.40365,11.3,0.175,85.96,0.0
2023-08-16 07:38:00,217.87709999999998,1.9346999999999999,445.27705000000003,157.15115,120.7664,184.425,57.3459,234.37619999999998,1.73575,1.2974999999999999,0.1637,0.4308,10.350000000000001,0.16,85.96,0.0
2023-08-16 07:39:00,435.19085,5.8151,1086.7762,321.9608,187.24115,524.0732,127.0834,370.06835,2.59635,1.84335,0.25934999999999997,0.47845000000000004,10.350000000000001,0.09,85.96,0.0
2023-08-16 07:40:00,439.76675,-1.70405,1242.5369,364.60929999999996,200.5509,628.23795,144.35925,413.20885,2.7451499999999998,1.92845,0.30855,0.51195,9.95,0.14,85.96,0.0
2023-08-16 07:41:00,-16.05885,-23.223,238.66899999999998,106.20325,103.73625,164.86935,34.722899999999996,229.15855,1.51395,1.1423,0.2341,0.4809,9.05,1.665,52.19,0.0
2023-08-16 07:42:00,116.3312,-17.7085,1025.79415,350.9001,205.9578,594.8166,121.4622,420.39675,1.6188500000000001,1.21335,0.2387,0.4405,10.3,7.83,11.79,787.0
2023-08-16 07:43:00,234.0962,-51.7538,1586.5792999999999,479.142,283.49294999999995,891.15685,197.7815,558.43965,1.6980499999999998,1.25035,0.26985000000000003,0.42285,10.649999999999999,9.350000000000001,9.245000000000001,1358.5
2023-08-16 07:44:00,371.1941,-87.85135,2104.9013,595.6624999999999,354.52004999999997,1160.24945,243.683,683.25085,2.0749,1.1861000000000002,0.18365,0.3525,11.9,10.635000000000002,7.875,1966.0
2023-08-16 07:45:00,779.04255,-152.0717,2830.73995,827.3090500000001,444.4286,1528.50265,291.30174999999997,901.6614,1.68715,1.1558000000000002,0.14865,0.49915,10.7,10.9,3.1900000000000004,2339.0
2023-08-16 07:46:00,-132.72905,-365.18899999999996,1401.2224999999999,295.6483,134.27265,1053.17515,-37.296350000000004,582.31225,1.73715,1.32035,0.13165,0.3123,11.2,8.6,0.11,1053.0
2023-08-16 07:47:00,-233.73250000000002,-366.44415000000004,1259.2769,282.63275,94.71135000000001,929.7353499999999,-51.3662,538.99825,1.6799,1.2738,0.08155,0.4039,11.0,8.415,0.405,984.0
2023-08-16 07:48:00,-230.0664,-322.2346,1168.09095,267.35415,103.9716,790.8153,-40.46765,485.8145,1.718,1.29685,0.08145,0.2343,10.4,7.82,0.165,783.0
2023-08-16 07:49:00,-325.94079999999997,-336.2047,1052.896,239.31635,74.1089,811.2273,-54.8797,482.70675,1.6930999999999998,1.28105,0.2912,0.4536,10.5,7.775,2.66,769.0
2023-08-16 07:50:00,-226.4257,-346.0034,1259.1751,268.5538,118.25365,867.81255,-35.720749999999995,506.1174,1.72495,1.31255,0.13455,0.4078,10.8,8.165,0.55,892.0
2023-08-16 07:51:00,-341.33680000000004,-379.9988,1222.88635,259.8032,80.64750000000001,901.2922,-53.155649999999994,518.53115,1.67575,1.2938999999999998,0.14995,0.32255,11.0,8.32,1.2850000000000001,954.5
2023-08-16 07:52:00,-196.04615,-341.68354999999997,1206.22505,269.10265000000004,117.6618,890.32975,-36.3222,525.3096499999999,1.70645,1.2717,0.1045,0.33094999999999997,10.95,8.129999999999999,0.28500000000000003,878.5
2023-08-16 07:53:00,-158.50425,-334.84929999999997,1209.1498000000001,261.09929999999997,105.65125,856.2988,-43.587900000000005,507.64964999999995,1.6578,1.27485,0.17475000000000002,0.40285000000000004,10.6,8.205,0.94,908.5
2023-08-16 07:54:00,-313.04740000000004,-370.65015,1185.9780999999998,242.9494,108.2846,879.7719,-58.4889,507.57965,1.7107999999999999,1.31995,0.10414999999999999,0.3935,11.3,8.434999999999999,2.63,992.0
2023-08-16 07:55:00,-475.8752,-404.15225,1197.6004,247.0577,51.7131,894.2208499999999,-76.29075,519.5631000000001,1.6719499999999998,1.3267,0.27005,0.4703,12.0,8.65,3.0149999999999997,1101.0
2023-08-16 07:56:00,-257.82015,-401.1575,1301.03485,271.8597,105.6542,959.3181999999999,-54.2583,540.9918,1.6787,1.26095,0.21389999999999998,0.3651,10.8,8.864999999999998,0.33,1160.0
2023-08-16 07:57:00,-368.26800000000003,-372.212,1205.5584,251.55525,89.53335,842.6583499999999,-54.679050000000004,496.6708,1.71885,1.30555,0.21239999999999998,0.27945,11.7,8.455,2.23,989.5
2023-08-16 07:58:00,-394.22095,-426.3517,1298.8784500000002,258.64165,82.6065,997.9093,-77.9227,547.0315499999999,1.6862,1.3155000000000001,0.2859,0.45425,12.3,9.125,2.52,1270.0
2023-08-16 07:59:00,-386.2096,-444.7786,1419.8988,284.80355,92.52915,1070.71425,-69.74005,572.7619,1.6999,1.29855,0.16620000000000001,0.393,12.1,9.305,0.585,1331.5
2023-08-16 08:00:00,-265.91525,-405.38289999999995,1373.66245,278.13205,107.0018,1019.85475,-70.25895,558.7298000000001,1.69865,1.2908,0.1477,0.42669999999999997,12.1,9.21,1.045,1279.0
2023-08-16 08:01:00,-230.22899999999998,-424.04555000000005,1480.26435,286.7129,127.21995,1058.9413,-58.0101,569.3927,1.7572,1.31725,0.0927,0.304,11.8,9.39,0.345,1366.0
2023-08-16 08:02:00,-280.50855,-384.93399999999997,1322.5643,273.12765,94.24345,957.07615,-54.810950000000005,534.88175,1.66345,1.3091,0.1643,0.5134,10.7,8.795,0.55,1123.5
2023-08-16 08:03:00,-254.11655000000002,-415.9267,1404.47375,278.4522,129.72995,996.4997,-58.65905,546.04845,1.7126000000000001,1.3122,0.15760000000000002,0.45189999999999997,12.2,9.184999999999999,0.9,1278.0
2023-08-16 08:04:00,-295.3354,-397.70335,1341.33915,266.57,103.46255,1008.918,-57.988550000000004,548.9208,1.7017,1.31,0.14995,0.4131,11.95,9.114999999999998,0.755,1215.5
2023-08-16 08:05:00,-380.76975,-421.23145,1401.2239,280.04075,95.5135,1077.61745,-78.01675,571.55755,1.7348,1.2546499999999998,0.2537,0.5425,11.55,9.34,0.6799999999999999,1348.0
2023-08-16 08:06:00,-300.62945,-424.64515,1468.1748,284.66235,107.0936,1049.2335,-70.2638,562.6759999999999,1.69055,1.31125,0.17804999999999999,0.4062,12.1,9.524999999999999,0.435,1440.0
2023-08-16 08:07:00,-376.42425000000003,-439.97595,1399.84425,279.20685000000003,95.1036,1083.7806500000002,-77.30445,571.0994000000001,1.68295,1.2771,0.13979999999999998,0.5414,11.7,9.35,0.5549999999999999,1355.0
2023-08-16 08:08:00,-284.53995,-366.8769,1342.0059999999999,273.6469,121.33355,941.54885,-49.0685,516.81195,1.688,1.2984499999999999,0.0687,0.3342,11.3,8.885000000000002,0.18,1147.5
2023-08-16 08:09:00,-190.53539999999998,-314.17665,1159.86865,252.6316,110.8785,825.7561000000001,-27.25775,480.3079,1.6934,1.3035,0.1682,0.37765,10.6,7.8,0.235,791.0
2023-08-16 08:10:00,-222.61894999999998,-311.3333,1106.45455,234.3847,100.1993,821.1206,-51.4103,470.31745,1.6936499999999999,1.30865,0.0842,0.40505,10.9,8.055,2.63,832.0
2023-08-16 08:11:00,-374.28075,-356.77144999999996,1091.8501,227.67755,63.86595,817.0222,-65.78655,474.03970000000004,1.66435,1.2701500000000001,0.09535,0.3764,11.4,8.22,1.98,903.5
2023-08-16 08:12:00,-218.82715000000002,-367.75505,1262.97695,249.84535,137.60435,899.2355,-50.7575,504.0927,1.6855,1.31785,0.2246,0.3499,11.6,8.565000000000001,1.075,1052.0
2023-08-16 08:13:00,-278.586,-374.07640000000004,1236.83205,247.16025000000002,120.16329999999999,886.0384,-67.3623,507.38705,1.69745,1.2819500000000001,0.18835000000000002,0.36260000000000003,12.0,8.62,1.345,1044.5
2023-08-16 08:14:00,-258.37035000000003,-359.0466,1233.3447999999999,261.481,88.28685,899.6341,-57.12205,510.0753,1.7079499999999999,1.2801,0.0989,0.45535000000000003,11.350000000000001,8.62,0.835,1055.5
2023-08-16 08:15:00,-395.3698,-387.69780000000003,1237.8400000000001,241.1506,58.2178,914.5006,-79.156,507.6046,1.6583,1.2899500000000002,0.12655,0.35350000000000004,12.1,8.81,2.55,1133.0
2023-08-16 08:16:00,-338.5701,-399.4323,1330.4897500000002,270.22285,91.72075000000001,975.7714000000001,-72.98515,529.6860999999999,1.6784,1.32,0.00675,0.40459999999999996,12.350000000000001,9.07,1.025,1250.0
2023-08-16 08:17:00,-333.90915,-433.96500000000003,1441.3331,278.98235,111.14415,1062.02955,-73.1752,561.4103,1.68575,1.31125,0.2985,0.47655000000000003,12.5,9.515,1.255,1434.5
2023-08-16 08:18:00,-374.4373,-401.25825,1225.64295,235.23284999999998,102.04599999999999,927.66795,-83.21535,510.14250000000004,1.69135,1.31325,0.1658,0.35725,12.1,9.07,3.435,1204.0
2023-08-16 08:19:00,-389.11395000000005,-413.303,1295.19305,258.64300000000003,85.22229999999999,972.1698,-79.2689,534.18505,1.6387,1.2799999999999998,0.24735000000000001,0.46375,10.850000000000001,9.114999999999998,2.46,1268.0
2023-08-16 08:20:00,-249.2357,-412.37825,1454.72995,289.04359999999997,135.96955,1062.81005,-65.50365,562.14585,1.72655,1.29895,0.0167,0.28185,10.75,9.51,0.835,1417.5
2023-08-16 08:21:00,-407.30105,-435.39250000000004,1397.7601,291.7036,88.91085000000001,1069.50845,-81.33725,570.1621,1.6625,1.3004,0.28565,0.45685,11.0,9.425,0.54,1383.5
2023-08-16 08:22:00,-248.92575,-394.2264,1337.02405,273.73294999999996,109.73225,969.6047,-66.4856,536.658,1.7101,1.292,0.18464999999999998,0.37255000000000005,10.6,9.06,0.25,1228.0
2023-08-16 08:23:00,-186.7371,-335.17560000000003,1271.0329,261.953,127.3654,872.229,-50.2168,493.87665000000004,1.71535,1.27935,0.0744,0.14654999999999999,10.3,8.445,0.32,1020.0
2023-08-16 08:24:00,-121.03399999999999,-313.4325,1252.43095,257.47389999999996,143.49005,857.36495,-29.859450000000002,491.23725,1.6632500000000001,1.2742,0.1373,0.2654,9.850000000000001,8.075,0.15,866.5
2023-08-16 08:25:00,-207.6516,-335.10614999999996,1180.7391,254.437,116.92635,838.43265,-53.979150000000004,483.23645,1.67235,1.26275,0.1542,0.4435,10.4,8.25,0.665,934.5
2023-08-16 08:26:00,-235.5124,-363.61885,1240.36865,266.03020000000004,110.63014999999999,942.11735,-66.22775,517.5306,1.7381,1.2778999999999998,0.08565,0.35365,11.149999999999999,8.785,0.73,1094.5
2023-08-16 08:27:00,-361.01615000000004,-409.7623,1362.22195,267.8694,100.76065,1007.3418,-75.42760000000001,538.75,1.7229,1.28135,0.14715,0.42625,10.9,9.12,1.165,1238.5
2023-08-16 08:28:00,-422.2785,-411.6029,1313.2725500000001,258.96405000000004,87.9913,936.8326999999999,-82.80055,519.27275,1.71145,1.272,0.0824,0.4752,11.0,9.045,0.655,1242.0
2023-08-16 08:29:00,-301.59389999999996,-391.8343,1373.536,278.40745000000004,114.69290000000001,1026.79075,-60.44855,546.0455999999999,1.6210499999999999,1.2637999999999998,0.13885,0.4635,10.350000000000001,9.09,0.565,1237.0
2023-08-16 08:30:00,-95.643,-300.47225000000003,1203.8935,249.50645,142.66015,820.6073,-50.4935,481.5212,1.7608000000000001,1.3249,0.0683,0.23425,10.3,9.125,1.8900000000000001,1259.5
2023-08-16 08:31:00,-362.8745,-37.05455,-732.2090000000001,-113.3592,-6.16285,-363.9274,-65.9633,36.8776,0.11325,0.28415,0.08265,0.4144,9.1,0.23,85.96,0.0
2023-08-16 08:32:00,-92.76515,-23.58065,-286.5906,-37.291,40.24975,-177.97854999999998,-36.194050000000004,82.6376,0.8842,0.7584500000000001,0.09425,0.4027,9.75,0.23,85.96,0.0
2023-08-16 08:33:00,345.62109999999996,-21.832500000000003,839.9165499999999,235.33895,161.8343,392.60260000000005,71.22104999999999,305.20495,2.32845,1.67315,0.21350000000000002,0.45894999999999997,7.1,0.13,85.96,0.0
2023-08-16 08:34:00,396.04565,-12.238800000000001,1151.95075,307.72090000000003,196.01345,582.8372999999999,110.80195,361.6524,2.7155500000000004,1.8994,0.2767,0.49675,8.4,0.15,85.96,0.0
2023-08-16 08:35:00,206.69455,-26.944,887.14525,255.22895,163.7636,475.2709,86.40925,329.44425,2.2578500000000004,1.6088,0.27235,0.503,7.6,0.135,85.96,0.0
2023-08-16 08:36:00,-180.933,-31.148600000000002,-93.53630000000001,26.97585,63.15835,-23.84855,-5.2725,146.9481,0.9189,0.79255,0.17765,0.46585,10.350000000000001,0.19,85.96,0.0
2023-08-16 08:37:00,-352.91184999999996,-25.09725,-753.71765,-116.6114,-4.6697500000000005,-399.01445,-68.65209999999999,19.11905,0.09705,0.2723,0.05315,0.3943,9.350000000000001,0.2,85.96,0.0
2023-08-16 08:38:00,-21.27465,-3.4515000000000002,-164.48985,-10.6226,63.41005,-127.9622,-22.42635,92.09264999999999,1.03725,0.8707499999999999,0.09295,0.39339999999999997,10.1,0.16,85.96,0.0
2023-08-16 08:39:00,314.64175,-3.01775,733.2018,169.47905,156.63915,332.93534999999997,50.7834,238.26125000000002,2.2794499999999998,1.6172499999999999,0.18455,0.4335,8.25,0.12,85.96,0.0
2023-08-16 08:40:00,416.89905,-9.0288,1144.0681,310.7075,197.05585,563.9972,108.73595,355.21115,2.71685,1.9062999999999999,0.26639999999999997,0.4899,10.9,0.12,85.96,0.0
2023-08-16 08:41:00,315.90235,-8.5658,1091.8426,289.43355,188.76075,557.36205,104.16059999999999,343.62275,2.4977,1.7595999999999998,0.27749999999999997,0.50705,8.850000000000001,0.13,85.96,0.0
2023-08-16 08:42:00,-21.76895,-24.20655,322.10135,132.57445,110.05115,188.60915,36.93325,229.0469,1.3836499999999998,1.0661999999999998,0.21225,0.48425,8.7,0.16,85.96,0.0
2023-08-16 08:43:00,-346.5395,-26.3579,-710.7367,-98.8432,1.13365,-369.24850000000004,-61.367149999999995,35.8578,0.16435,0.31355,0.05405,0.41169999999999995,9.350000000000001,0.28,85.96,0.0
2023-08-16 08:44:00,178.21855,-3.9194,353.5887,82.91319999999999,125.0545,134.11655,18.00035,168.8164,1.79685,1.3307,0.13419999999999999,0.40764999999999996,9.9,0.25,85.96,0.0
2023-08-16 08:45:00,361.3959,-18.37855,971.00265,258.2833,179.312,472.4777,80.92625,324.065,2.5719000000000003,1.8153000000000001,0.22425,0.47705,8.9,0.07,85.96,0.0
2023-08-16 08:46:00,390.34000000000003,-10.113199999999999,1065.4536,285.0144,193.0641,523.73435,97.35845,343.9298,2.6568,1.87365,0.24105,0.47935000000000005,9.850000000000001,0.11499999999999999,85.96,0.0
2023-08-16 08:47:00,281.786,-5.2873,1006.0871,261.2968,191.12865,517.42385,99.89855,328.60605,2.40395,1.71125,0.27265,0.50455,9.9,0.14,85.96,0.0
2023-08-16 08:48:00,-43.651250000000005,-23.2471,283.0322,120.85730000000001,115.3352,165.7966,35.67555,220.68945,1.36005,1.03585,0.1943,0.47195,10.4,0.14,85.96,0.0
2023-08-16 08:49:00,-366.64725,-21.616,-739.84015,-97.40645,8.97615,-381.22535000000005,-55.676100000000005,43.3555,0.0926,0.276,0.06820000000000001,0.4113,9.0,0.22,85.96,0.0
2023-08-16 08:50:00,-46.76225,-4.20015,-201.2078,-23.652549999999998,75.9591,-148.60965,-26.06365,88.35525,0.9818,0.8037,0.08645,0.39475000000000005,9.2,0.21,85.96,0.0
2023-08-16 08:51:00,248.7308,-7.5375499999999995,570.3702000000001,122.5229,155.9744,246.84519999999998,28.5785,208.51005,2.0492,1.49465,0.15735,0.42525,7.95,0.1,85.96,0.0
2023-08-16 08:52:00,325.19124999999997,-25.164299999999997,858.6035999999999,205.5553,176.788,408.58915,53.792,285.1141,2.43315,1.73575,0.2026,0.45455,9.9,0.02,85.96,0.0
2023-08-16 08:53:00,216.2563,-17.2744,564.7502999999999,143.35809999999998,182.1374,287.2517,38.126599999999996,288.53875,1.7027999999999999,1.2311999999999999,0.0832,0.43825000000000003,10.149999999999999,2.235,42.9,0.0
2023-08-16 08:54:00,-215.7278,-265.0135,937.3179,209.7722,104.6473,663.9974,-95.8885,534.22695,1.62305,1.2811,0.15415,0.46455,9.6,6.93,3.365,472.0
2023-08-16 08:55:00,-247.79070000000002,-299.14685,752.8621,180.92014999999998,77.5128,582.7737500000001,-133.8578,539.1033,1.6298,1.2504499999999998,0.04365,0.44884999999999997,8.7,6.675,1.275,192.0
2023-08-16 08:56:00,-260.98810000000003,-281.45545,731.8199,170.0396,74.6405,622.49695,-126.60095,563.60055,1.6232,1.2619500000000001,0.06670000000000001,0.43165,9.25,6.82,1.21,283.5
2023-08-16 08:57:00,-332.2597,-301.93,768.5988500000001,169.20105,68.18295,618.82705,-135.59384999999997,554.40075,1.6598,1.2443,0.1817,0.44315,9.649999999999999,6.89,1.245,292.0
2023-08-16 08:58:00,-198.6261,-278.80005,789.94345,175.96575,92.9905,654.8704499999999,-125.92285000000001,579.98965,1.5918,1.2556,0.1292,0.3268,9.75,6.905,0.76,341.0
2023-08-16 08:59:00,-239.93165,-279.50834999999995,771.59755,170.69885,103.84264999999999,620.3562999999999,-126.396,554.22365,1.65765,1.25415,0.0902,0.39844999999999997,9.55,6.825,1.26,378.0
2023-08-16 09:00:00,-301.59545,-293.59495000000004,803.56385,177.9441,81.0332,612.4458,-121.11315,553.80285,1.6108,1.2461,0.011300000000000001,0.45395,9.95,6.885,0.795,365.0
2023-08-16 09:01:00,-151.6158,-280.1757,729.03805,176.843,96.23384999999999,612.1607,-115.54384999999999,551.5001,1.6061,1.2566,0.06605,0.31595,10.5,6.9,0.575,433.0
2023-08-16 09:02:00,-255.50439999999998,-272.05145,769.7755999999999,173.5685,74.14869999999999,588.52385,-116.99770000000001,534.45895,1.6167,1.2406000000000001,0.20350000000000001,0.3418,9.1,6.865,0.79,329.0
2023-08-16 09:03:00,-254.0162,-260.94665,679.39705,159.6178,82.82939999999999,518.42125,-104.262,494.0532,1.6146500000000001,1.2857,0.14525,0.4961,8.4,6.65,1.865,178.5
2023-08-16 09:04:00,-201.28719999999998,-270.73185,699.8018500000001,169.92329999999998,85.695,578.5987,-106.5034,527.3670500000001,1.5805,1.22565,0.053649999999999996,0.38939999999999997,9.1,6.82,1.65,228.0
2023-08-16 09:05:00,-291.47785,-277.85925,720.29165,176.13504999999998,70.7161,574.0905,-124.73259999999999,527.48215,1.61345,1.26515,0.14075,0.46085,8.9,6.975,1.21,324.5
2023-08-16 09:06:00,299.54699999999997,-201.3165,1018.5047,197.82515,244.3548,557.56645,-62.726600000000005,525.3235,1.78085,1.41095,-0.6628499999999999,-0.3994,9.850000000000001,6.82,0.32999999999999996,403.0
2023-08-16 09:11:00,-274.48315,-252.50155,614.2217,153.95184999999998,60.40575,523.10805,-106.05975000000001,513.69335,1.57645,1.24355,0.11205,0.47929999999999995,7.65,6.295,2.225,34.0
2023-08-16 09:12:00,-228.3477,-234.9862,576.1451500000001,152.2336,70.60775,475.4352,-95.48769999999999,480.00425,1.5669,1.21055,0.13240000000000002,0.37625,7.5,6.13,2.37,0.0
2023-08-16 09:13:00,-209.18135,-228.3492,550.74045,151.15215,76.72155000000001,428.32034999999996,-89.3421,465.52205000000004,1.5728499999999999,1.1813500000000001,0.08940000000000001,0.35795,7.1,5.95,2.6,0.0
2023-08-16 09:14:00,-92.90955,-208.20805000000001,642.3704,154.8776,89.25475,452.5425,-84.21504999999999,470.09045000000003,1.5915,1.2578,0.0104,0.2662,6.9,5.995,2.5599999999999996,4.0
2023-08-16 09:26:00,-191.6184,-221.9559,567.0778,151.6228,51.6345,382.2256,-63.1207,412.436,1.6196,1.2331,-0.0179,0.4383,7.1,5.52,2.68,0.0
2023-08-16 09:27:00,-245.80249999999998,-285.39945,678.87695,158.0699,47.9782,539.18745,-89.5367,477.27785,1.6055000000000001,1.2195,0.0698,0.48375,8.350000000000001,6.46,2.285,62.5
2023-08-16 09:28:00,-249.63445000000002,-274.97114999999997,582.69625,152.0223,43.04015,490.7265,-77.9012,464.76790000000005,1.5674000000000001,1.2104,0.24445,0.45525,7.55,6.23,2.355,29.5
2023-08-16 09:29:00,-107.9149,-256.8122,610.7244,151.2688,81.6722,439.0283,-68.9992,456.9684,1.6191,1.2439,0.0041,0.2805,7.5,6.28,2.4,114.0
2023-08-16 09:30:00,-57.34,-165.2235,524.2474,155.6398,109.7821,359.7943,-42.2993,393.8788,1.6277,1.2608,-0.1064,0.2046,6.7,5.15,2.7,0.0
2023-08-16 09:31:00,-255.0963,-213.3318,596.18635,165.2791,61.32765,480.7638,-101.3798,484.6935,1.5500500000000001,1.1915,0.24225000000000002,0.60195,7.0,5.66,2.63,0.0
2023-08-16 09:32:00,-276.1033,-246.13065,800.6116999999999,173.76355,93.6678,563.14815,-146.31965000000002,553.8672,1.6196000000000002,1.2574,0.2072,0.406,7.4,6.66,2.15,135.0
2023-08-16 09:33:00,-155.11845,-216.67694999999998,720.6033,169.04444999999998,97.89525,569.55235,-148.60725000000002,523.5255,1.5631,1.2135,0.15305000000000002,0.3736,7.2,6.675,2.115,137.0
2023-08-16 09:34:00,-288.8646,-251.7088,828.9449,173.2068,89.4882,630.9001499999999,-150.58859999999999,557.8115499999999,1.59475,1.2312,0.16995,0.40675,8.2,6.9399999999999995,2.14,188.5
2023-08-16 09:35:00,-247.82645,-243.15465,713.35935,171.22265,74.6027,567.6223500000001,-151.94189999999998,544.98675,1.5944500000000001,1.24245,0.11445,0.40215,7.65,6.625,2.0549999999999997,111.0
2023-08-16 09:36:00,-146.14595,-212.58499999999998,791.9396999999999,170.82240000000002,120.12819999999999,532.61045,-133.0344,521.1314,1.6317499999999998,1.23815,0.0613,0.3153,7.7,6.51,1.97,167.0
2023-08-16 09:37:00,-189.50765,-236.00635,761.18145,172.13355,113.16460000000001,581.9859,-142.94344999999998,549.85445,1.5682,1.2299,0.0749,0.46299999999999997,8.2,6.59,2.07,96.5
2023-08-16 09:38:00,-262.3813,-241.97875,795.85685,173.6531,102.72104999999999,560.7707,-148.2061,544.8811499999999,1.6271,1.2516500000000002,0.16085,0.38295,8.5,6.615,2.06,159.5
2023-08-16 09:39:00,-211.06215,-224.50445000000002,731.8858,170.60969999999998,88.6386,524.63975,-149.56255,530.95075,1.59375,1.2678,0.07694999999999999,0.39944999999999997,7.6,6.48,2.1100000000000003,85.0
2023-08-16 09:40:00,-94.53575000000001,-199.14600000000002,694.4542,166.96005,114.6202,497.93935,-125.80365,510.10980000000006,1.60325,1.2269999999999999,0.09615,0.30265,7.1,6.29,2.295,36.0
2023-08-16 09:41:00,-206.0498,-197.50615,618.0871500000001,160.96814999999998,89.3134,464.4497,-115.6379,490.9248,1.56535,1.1976,0.20775,0.3375,7.1,5.88,2.525,0.0
2023-08-16 09:42:00,-161.9344,-184.39615,608.5292999999999,155.5181,115.86080000000001,453.8402,-97.77619999999999,477.52065,1.5609000000000002,1.2020499999999998,0.08345,0.37655,6.75,5.48,2.69,0.0
2023-08-16 09:43:00,-70.6327,-165.6379,657.7254,157.6757,122.9878,447.78864999999996,-98.91905,465.26189999999997,1.6360999999999999,1.23455,0.0455,0.3372,6.0,5.6899999999999995,2.64,0.0
2023-08-16 09:44:00,-191.4145,-175.39235000000002,572.65435,153.81565,90.43015,436.11445000000003,-100.9675,465.46810000000005,1.5714000000000001,1.18735,0.15389999999999998,0.5786500000000001,5.3,5.375,2.7,0.0
2023-08-16 09:45:00,-70.37145,-151.47820000000002,584.4038,152.55875,121.67515,421.1854,-81.24080000000001,446.49195,1.5857999999999999,1.1884000000000001,0.0779,0.32289999999999996,5.45,5.29,2.7,0.0
2023-08-16 09:46:00,-29.559199999999997,-143.5498,559.2764500000001,151.37475,137.13305000000003,409.18905,-77.37825000000001,431.33765,1.5348000000000002,1.21605,0.11785,0.3664,4.8,5.08,2.7,0.0
2023-08-16 09:47:00,614.42385,-34.41675,896.92005,187.6451,318.15305,282.5899,38.1351,340.62405,1.7736,1.385,-0.688,-0.41800000000000004,4.800000000000001,4.865,2.7,0.0
2023-08-16 09:48:00,-235.8428,-207.79405000000003,616.41875,159.04090000000002,68.59475,524.0271,-142.22084999999998,498.02504999999996,1.5604,1.2153999999999998,0.24034999999999998,0.57785,7.55,5.955,2.4450000000000003,1.0
2023-08-16 09:49:00,-857.6266,-314.5594,413.0067,157.41570000000002,-98.21825,621.0497,-211.4305,592.6043,1.29755,1.0245,0.8872,1.22825,6.6,6.28,2.44,170.0
2023-08-16 09:50:00,-105.32204999999999,-181.50295,664.05255,155.5614,124.50725,478.4009,-107.46185,479.52684999999997,1.58215,1.21525,0.0721,0.37535,6.65,5.91,2.52,0.0
2023-08-16 09:51:00,-50.9305,-167.24975,647.0317,154.7789,134.1021,442.0476,-98.6132,464.90305,1.5484,1.2346,0.058499999999999996,0.3276,6.5,5.765,2.63,0.0
2023-08-16 09:52:00,-145.16345,-165.14120000000003,539.6306,149.91219999999998,93.2798,440.13284999999996,-109.80855,454.6542,1.57385,1.1933500000000001,0.18065,0.38649999999999995,6.4,5.35,2.7,0.0
2023-08-16 09:53:00,-105.55765,-151.7894,531.8475,152.04885000000002,101.11125,418.58335,-95.583,444.16785,1.5495999999999999,1.1982,0.1729,0.3855,6.15,5.195,2.7,0.0
2023-08-16 09:54:00,-29.9046,-144.30259999999998,600.50855,151.15564999999998,126.04515,419.05039999999997,-78.54114999999999,436.67485,1.5723500000000001,1.21515,0.07035,0.4298,6.4,5.11,2.7,0.0
2023-08-16 09:55:00,-121.74735,-190.4144,654.6914,162.56119999999999,113.4942,470.97249999999997,-108.74109999999999,487.8495,1.5587499999999999,1.2272500000000002,0.10830000000000001,0.3402,7.2,5.825,2.54,0.0
2023-08-16 09:56:00,-28.828500000000002,-150.97025,589.11385,151.99585000000002,138.0135,400.0084,-83.8686,451.16814999999997,1.5591,1.2243,0.0019000000000000002,0.30269999999999997,5.55,5.31,2.7,0.0
2023-08-16 09:57:00,-57.89645,-138.29215,543.89215,150.5804,122.15780000000001,403.6795,-75.28909999999999,426.77545,1.5538,1.23175,0.07135,0.35075,5.3,4.955,2.7,0.0
2023-08-16 09:58:00,-2.5721999999999987,-117.32345000000001,501.8806,154.42284999999998,138.2232,386.7446,-45.442949999999996,402.363,1.52265,1.2462,0.0872,0.35675,4.8,4.485,2.7,0.0
2023-08-16 09:59:00,-64.2129,-120.56604999999999,480.00365,151.37285,113.279,336.59665,-42.51375,368.26395,1.5106000000000002,1.1802,0.12990000000000002,0.5141,5.0,4.215,2.7,0.0
2023-08-16 10:00:00,107.74305,-78.89515,432.13779999999997,135.493,161.2484,229.70855,4.97525,302.7566,1.51775,1.1717,0.0911,0.48414999999999997,3.7,3.335,2.7,0.0
2023-08-16 10:01:00,47.63464999999999,-152.14935,551.1026999999999,161.70405,143.549,315.0476,-36.98245,382.0356,1.5052,1.1920000000000002,0.0152,0.2533,4.2,4.37,2.7,0.0
2023-08-16 10:02:00,13.90475,-172.79905,485.97935,165.17675,128.9931,311.3944,-43.115899999999996,395.2656,1.49355,1.17395,0.14984999999999998,0.34985,4.85,4.26,2.7,0.0
2023-08-16 10:03:00,-33.683099999999996,-179.0451,465.18345,162.38065,119.39085,299.77675,-42.4309,401.27625,1.53075,1.142,0.1179,0.4501,4.4,4.125,2.7,0.0
2023-08-16 10:04:00,58.53545,-172.60575,586.2962,171.1207,153.70015,334.15459999999996,-34.51905,412.49580000000003,1.6017000000000001,1.16025,-0.022,0.3591,5.0,4.705,2.7,0.0
2023-08-16 10:05:00,-53.9866,-221.12515000000002,517.8702,170.0004,113.9777,325.86525,-84.1917,465.15775,1.5293999999999999,1.19045,0.22794999999999999,0.50085,4.8,4.779999999999999,2.7,0.0
2023-08-16 10:06:00,-1.1109500000000008,-190.2989,422.5694,157.6287,119.477,272.1172,-19.718049999999998,370.9094,1.51295,1.15765,0.18185,0.47475,4.3,3.915,2.7,0.0
2023-08-16 10:07:00,125.09295,-109.49414999999999,445.89805,149.62380000000002,140.57635,207.29340000000002,-14.35465,351.58575,1.5237500000000002,1.1465,0.0947,0.41269999999999996,3.4,3.065,2.7,0.0
2023-08-16 10:08:00,-18.124399999999998,-131.35505,389.2548,145.20715,125.4913,193.53135,-11.886700000000001,294.53805,1.5314999999999999,1.13855,0.17615,0.54225,2.8,2.58,2.7,0.0
2023-08-16 10:09:00,121.04955000000001,-117.14305,406.79780000000005,92.85884999999999,134.0833,179.6991,0.19385000000000008,242.6206,1.5070999999999999,1.14405,0.0691,0.4293,3.7,2.755,2.7,0.0
2023-08-16 10:10:00,26.44845,-83.95345,408.89495,133.7149,127.5865,216.60935,-67.55105,365.86325,1.4956,1.1211,0.18030000000000002,0.49260000000000004,4.55,3.535,2.7,0.0
2023-08-16 10:11:00,176.3373,-270.72955,434.79094999999995,156.65635,159.0949,220.71845000000002,-86.33085,348.99784999999997,1.5584,1.1442,0.016550000000000002,0.50265,4.0,3.13,2.7,0.0
2023-08-16 10:12:00,147.6533,-322.54330000000004,425.43515,182.17714999999998,150.46269999999998,212.65255000000002,-173.14569999999998,416.9063,1.56785,1.12975,0.0138,0.4506,3.6,3.14,2.7,0.0
2023-08-16 10:13:00,9.082049999999999,-415.53575,435.88595,224.3802,116.3253,264.87145,-191.197,426.80415000000005,1.45855,1.13285,0.17835,0.48255000000000003,4.1,3.87,2.7,0.0
2023-08-16 10:14:00,-71.07485,-738.8199500000001,502.95619999999997,287.66814999999997,116.505,301.81804999999997,-297.49455,612.43325,1.5,1.1832500000000001,0.1308,0.42695,4.4,4.535,2.7,0.0
2023-08-16 10:15:00,118.37845000000002,-636.83295,500.65340000000003,252.92034999999998,223.2526,215.00225,-232.39980000000003,490.80845,1.65665,1.2276500000000001,-0.3422,0.16655,4.25,4.625,2.7,0.0
2023-08-16 10:16:00,-105.04605000000001,-934.50405,486.64875,308.88135,98.03245000000001,354.1876,-387.6806,668.70485,1.5127000000000002,1.1503999999999999,0.19915,0.34605,5.1,4.82,2.7,0.0
2023-08-16 10:17:00,-79.64195000000001,-913.5233000000001,513.52255,304.2949,108.8327,338.48,-356.2169,627.35355,1.5642999999999998,1.16485,0.26995,0.4579,5.4,4.6899999999999995,2.7,0.0
2023-08-16 10:18:00,69.8776,-709.5743,548.0336,238.10000000000002,145.45715,321.96565,-315.6906,572.9415,1.5681,1.1907,0.0879,0.33835000000000004,5.4,4.8149999999999995,2.7,0.0
2023-08-16 10:19:00,-6.6931,-692.46,489.41290000000004,140.78205,117.39305,286.6114,-422.3256,603.7296,1.52545,1.1673,0.078,0.37815,5.85,4.325,2.7,0.0
2023-08-16 10:20:00,-51.481649999999995,-750.4828,535.95255,154.66055,118.8325,355.7962,-447.65560000000005,614.2669000000001,1.54115,1.1476000000000002,0.022600000000000002,0.33275,5.0,4.87,2.7,0.0
2023-08-16 10:21:00,70.93785,-834.44505,607.8495,200.7869,148.889,354.8991,-429.53454999999997,627.29035,1.55965,1.20575,0.010499999999999999,0.2642,5.0,5.29,2.7,0.0
2023-08-16 10:22:00,-117.15085,-852.03895,537.4953,220.49945,101.3149,377.94975,-443.43545,642.7548,1.5655,1.1675,0.04245,0.29085,4.8,5.425,2.7,0.0
2023-08-16 10:23:00,-120.78095,-701.4929500000001,510.90970000000004,51.4524,108.9351,363.51385000000005,-523.23415,700.0652,1.51885,1.21085,0.26825,0.41564999999999996,5.6,5.22,2.7,0.0
2023-08-16 10:24:00,-16.2756,-641.5611,544.73755,73.11850000000001,141.31055,321.3887,-340.50374999999997,694.9059500000001,1.6101,1.1345,-0.03605,0.19955,5.3,5.415,2.7,0.0
2023-08-16 10:25:00,-92.66149999999999,-540.0219500000001,554.8384000000001,123.99475,109.97735,355.61834999999996,-227.85174999999998,689.2915,1.55465,1.2067999999999999,0.050949999999999995,0.51675,5.8,5.135,2.7,0.0
2023-08-16 10:26:00,-160.02275,-630.567,523.7023,123.43125,87.2775,397.92819999999995,-260.81555000000003,743.32985,1.5009000000000001,1.1698,0.2347,0.4725,5.85,5.52,2.68,0.0
2023-08-16 10:27:00,-115.5719,-636.93055,508.4447,132.03820000000002,116.97285,326.65855,-230.7817,696.4639999999999,1.5612,1.19375,0.02265,0.38555,4.85,4.9350000000000005,2.7,0.0
2023-08-16 10:28:00,43.34835,-555.9010499999999,519.4763499999999,149.7536,139.3141,258.16915,-178.95855,632.7764500000001,1.56825,1.2272,0.016399999999999998,0.1522,4.6,4.495,2.7,0.0
2023-08-16 10:29:00,-69.39025000000001,-563.54805,464.92994999999996,150.6881,100.61255,314.67465,-174.21075000000002,658.6424999999999,1.51915,1.1588500000000002,0.22085,0.6015,5.0,4.57,2.7,0.0
2023-08-16 10:30:00,0.7090999999999994,-505.65965,408.0248,153.8961,115.9034,253.51069999999999,-145.93529999999998,616.31735,1.4917500000000001,1.1395,0.04345,0.3459,4.2,3.745,2.7,0.0
2023-08-16 10:31:00,98.67734999999999,-537.4631999999999,476.0834,172.4811,154.5285,251.29174999999998,-142.62975,574.4366,1.4894500000000002,1.1607,0.1442,0.3246,4.1,4.17,2.7,0.0
2023-08-16 10:32:00,-46.831649999999996,-519.07015,401.18865000000005,150.0018,126.23875,235.2272,-153.22915,587.65915,1.4837500000000001,1.1629,0.1427,0.4555,4.0,3.975,2.7,0.0
2023-08-16 10:33:00,110.39035,-534.8176,488.97495000000004,150.1407,160.30374999999998,261.74995,-151.32105,601.2967,1.48645,1.1809,0.04435,0.2894,4.45,4.105,2.7,0.0
2023-08-16 10:34:00,118.85495,-568.26955,494.31515,153.46814999999998,158.3423,274.6554,-145.8852,587.22495,1.62845,1.1942,-0.06835,0.2125,5.3,4.33,2.7,0.0
2023-08-16 10:35:00,-137.04489999999998,-615.889,443.17179999999996,152.61145,98.11654999999999,304.8094,-182.64659999999998,682.2329,1.5205,1.12155,0.26585000000000003,0.40069999999999995,4.45,4.58,2.7,0.0
2023-08-16 10:36:00,29.8913,-522.365,519.5886,161.7831,153.22244999999998,245.61745000000002,-142.09980000000002,633.80755,1.5725,1.226,0.02545,0.2835,5.2,4.154999999999999,2.7,0.0
2023-08-16 10:37:00,-34.890750000000004,-573.4907499999999,446.5355,155.59005000000002,108.67355,276.9405,-148.45409999999998,611.38625,1.49555,1.1445,0.15825,0.5331,4.15,4.375,2.7,0.0
2023-08-16 10:38:00,-46.657399999999996,-566.6314,416.31125,157.88815,114.13419999999999,276.76575,-161.29465,678.16425,1.4672,1.0998,0.11524999999999999,0.4223,4.0,4.305,2.7,0.0
2023-08-16 10:39:00,140.85055,-553.2067999999999,524.13535,163.23075,171.35354999999998,284.1346,-125.65719999999999,577.8661,1.5823,1.1808,-0.12935000000000002,0.36519999999999997,4.9,4.525,2.7,0.0
2023-08-16 10:40:00,-45.0114,-557.77385,523.7206,149.98714999999999,125.0568,317.61165,-129.86915,637.78855,1.5715,1.1618,0.13945000000000002,0.2764,4.8,4.81,2.7,0.0
2023-08-16 10:41:00,-50.763000000000005,-601.8427,477.23835,164.6446,120.55189999999999,329.1387,-159.5956,679.5823,1.5241,1.1683,0.15960000000000002,0.24630000000000002,5.4,4.92,2.7,0.0
2023-08-16 10:42:00,102.7124,-564.81275,502.56804999999997,175.97185000000002,150.6142,291.87995,-135.803,564.5481500000001,1.5872000000000002,1.17485,0.0979,0.3246,4.05,4.325,2.7,0.0
2023-08-16 10:43:00,-52.433299999999996,-595.8105,526.1692499999999,164.3502,118.8933,329.2093,-152.1966,662.635,1.56785,1.1358000000000001,0.22485,0.5011,4.95,4.99,2.7,0.0
2023-08-16 10:44:00,-143.9783,-609.1248499999999,507.1438,163.64995,109.25774999999999,329.80835,-159.68655,697.54675,1.5505,1.1859000000000002,0.0738,0.49454999999999993,5.55,5.285,2.7,0.0
2023-08-16 10:45:00,183.91465,-336.39355,471.6223,175.15565,158.83835,196.76934999999997,-101.60974999999999,486.75725,1.5622,1.2032,-0.0173,0.32025,3.8,3.71,2.7,0.0
2023-08-16 10:46:00,32.065400000000004,-299.89135,454.5662,144.1816,133.26260000000002,235.13285000000002,-109.34020000000001,386.76734999999996,1.51295,1.1493000000000002,0.1382,0.3227,4.0,3.87,2.7,0.0
2023-08-16 10:47:00,53.82745,-347.19595000000004,466.76205000000004,163.0126,147.1978,257.6337,-119.78925,388.26985,1.53275,1.17885,0.10195,0.26944999999999997,4.1,4.015,2.7,0.0
2023-08-16 10:48:00,-92.90655000000001,-286.76285,383.53835,127.7662,103.30754999999999,235.33705,-88.67689999999999,390.26374999999996,1.46815,1.13645,0.235,0.41945,3.8,3.625,2.7,0.0
2023-08-16 10:49:00,201.84715,-329.41115,421.0543,137.7695,191.73430000000002,193.21815,-75.03875,408.6781,1.5051999999999999,1.13625,-0.02095,0.355,4.0,3.38,2.7,0.0
2023-08-16 10:50:00,56.6031,-253.21695,334.07025,128.419,128.5875,173.9669,-84.58315,347.8772,1.4493,1.116,0.19295,0.47195,2.5,2.6550000000000002,2.7,0.0
2023-08-16 10:51:00,-17.833000000000002,-155.84085,248.3924,197.70235,117.76675,153.0328,22.9274,288.21715,1.4199000000000002,1.06115,0.2156,0.621,2.2,1.81,14.99,0.0
2023-08-16 10:52:00,470.5028,-18.7899,516.0740000000001,128.86225,231.28674999999998,99.16085,47.9615,169.67865,1.74285,1.2536,-0.1822,0.060200000000000004,1.9,1.49,14.99,0.0
2023-08-16 10:53:00,48.4477,-49.933099999999996,353.26300000000003,80.15695,138.31045,163.28055,96.509,317.653,1.4443000000000001,1.0282,0.22225,0.5435,4.0,2.34,14.99,0.0
2023-08-16 10:54:00,108.16645,-42.87565,426.99645,235.535,134.555,188.50655,131.12275,391.3917,1.4630999999999998,1.1162,0.02595,0.5235,4.8,2.995,14.99,0.0
2023-08-16 10:55:00,-19.718600000000002,136.1954,526.1949,196.46730000000002,137.8487,294.0565,561.00405,628.45065,1.5793,1.20265,0.08465,0.36495,5.2,4.835,2.7,0.0
2023-08-16 10:56:00,-27.042550000000002,142.7766,535.02215,203.23250000000002,122.13810000000001,306.85925,584.4487,675.5483,1.5444,1.1611,0.0286,0.269,4.85,4.93,2.7,0.0
2023-08-16 10:57:00,-58.407000000000004,130.49175,460.1581,188.2304,110.24690000000001,296.132,453.377,603.7117499999999,1.4628999999999999,1.1667999999999998,0.12455,0.47755000000000003,5.75,4.605,2.7,0.0
2023-08-16 10:58:00,45.75655,-54.864599999999996,389.9783,-44.62025,136.0631,192.6379,39.471149999999994,303.62655,1.5572,1.1514000000000002,0.061950000000000005,0.4601,4.5,4.17,2.7,0.0
2023-08-16 10:59:00,0.4964499999999994,-94.1568,421.78139999999996,34.44305,128.88505,217.17355,27.5482,322.38395,1.5539999999999998,1.17375,0.06955,0.46904999999999997,4.75,4.085,2.7,0.0
2023-08-16 11:00:00,-16.23115,-29.734450000000002,388.85865,81.02234999999999,123.93220000000001,232.44065,207.57855,358.2513,1.52495,1.1898499999999999,0.11615,0.3019,4.5,4.359999999999999,2.7,0.0
2023-08-16 11:01:00,20.947599999999998,-139.67770000000002,402.64009999999996,88.23965,130.89465,194.928,228.62959999999998,316.50329999999997,1.5215,1.1863000000000001,0.172,0.30915000000000004,4.9,3.99,2.7,0.0
2023-08-16 11:02:00,68.1066,-131.98604999999998,367.64,120.5613,139.26165,170.55984999999998,229.27865,296.16065000000003,1.5083,1.17165,0.03165,0.09705,2.95,3.505,2.7,0.0
2023-08-16 11:03:00,116.79745,-11.1813,450.97145,274.89705000000004,131.95069999999998,265.31285,193.53595,429.54139999999995,1.4836,1.1480000000000001,0.1277,0.46215,4.65,3.3449999999999998,2.7,0.0
2023-08-16 11:04:00,41.0857,-35.3029,615.01505,324.5879,129.09615,334.86995,211.4522,611.82745,1.596,1.14535,0.0817,0.3337,5.0,4.83,2.7,0.0
2023-08-16 11:05:00,-59.1866,-56.86795,380.25625,217.9624,114.36994999999999,253.96375,164.2502,534.6354,1.47595,1.1673499999999999,0.16195,0.4707,3.2,3.6500000000000004,2.7,0.0
2023-08-16 11:06:00,92.7706,46.4117,334.01595,18.153,130.4041,180.8702,151.23875,338.36424999999997,1.45255,1.09855,0.05355,0.48310000000000003,3.2,2.7199999999999998,2.7,0.0
2023-08-16 11:07:00,28.125,-136.98944999999998,422.60955,189.4663,138.69135,253.9158,185.1922,436.97915,1.52255,1.1662,0.12335,0.3873,5.4,4.01,2.7,0.0
2023-08-16 11:08:00,51.8575,-139.84345000000002,450.2312,191.41835,137.09865000000002,254.4628,189.26909999999998,437.27665,1.54725,1.23135,0.1558,0.3103,4.1,3.9299999999999997,2.7,0.0
2023-08-16 11:09:00,102.12225,-88.8015,464.9909,220.10895,157.2989,257.42395,189.53390000000002,479.1097,1.5291,1.1788500000000002,-0.027549999999999998,0.27790000000000004,4.8,4.345000000000001,2.7,0.0
2023-08-16 11:10:00,110.82105,-128.69465,463.2306,200.73685,160.6988,277.01225,200.6107,471.09705,1.5803,1.2606,-0.07625000000000001,0.31405,4.9,4.255,2.7,0.0
2023-08-16 11:11:00,-79.15995000000001,-141.5455,386.84000000000003,214.59814999999998,114.2333,242.0104,195.92079999999999,451.23835,1.5018,1.19965,0.2036,0.33735000000000004,4.0,3.78,2.7,0.0
2023-08-16 11:12:00,160.0237,-29.9974,389.0685,150.15535,174.7063,140.55545,185.013,318.8162,1.5440999999999998,1.10655,0.1237,0.23435,2.5,3.16,2.7,0.0
2023-08-16 11:13:00,-26.2734,-45.47485,345.4991,68.3858,108.13825,193.2056,132.06799999999998,277.85965,1.4111500000000001,1.1349,0.20895,0.5771,2.6,2.365,2.7,0.0
2023-08-16 11:14:00,216.4038,0.89515,433.8331,119.85505,185.93275,114.84535,-41.16935,461.8186,1.5274999999999999,1.23745,0.0456,0.3477,1.7,1.385,14.99,0.0
2023-08-16 11:15:00,725.55445,-60.06405,644.49055,-75.46324999999999,316.60815,71.11349999999999,-163.77384999999998,17.8338,1.9252,1.43455,-0.5267999999999999,-0.17445,2.95,-0.44499999999999995,14.99,0.0
2023-08-16 11:16:00,622.09945,-1701.35635,500.11795,394.9587,254.4837,31.08165,39.554,-123.75425,1.71465,1.21285,-0.38785000000000003,0.10464999999999999,2.95,0.215,14.99,0.0
2023-08-16 11:17:00,530.80285,339.92835,464.18715,-338.5538,228.00709999999998,48.25545,-217.71859999999998,-357.1346,1.60815,1.2968,-0.3416,-0.0036999999999999984,3.5,0.09,14.99,0.0
2023-08-16 11:18:00,492.97175,-1071.7461,448.3555,-80.01845,218.93619999999999,55.56235,-9.72395,-493.2537,1.5585499999999999,1.2585,-0.2375,0.06845,3.1500000000000004,0.065,14.99,0.0
2023-08-16 11:19:00,540.10445,-1437.17985,475.3029,-309.8875,230.6351,51.635149999999996,144.86135000000002,-511.94635,1.6248,1.23175,-0.2887,0.044700000000000004,5.4,0.0,14.99,0.0
2023-08-16 11:20:00,592.8398,-1449.91095,508.64390000000003,-352.0428,245.4481,48.62845,144.61455,-511.5046,1.6639499999999998,1.2592,-0.34665,-0.0179,5.65,0.02,14.99,0.0
2023-08-16 11:21:00,549.6514500000001,-1358.72655,476.64735,-310.02715,233.7357,47.10625,121.35395,-494.97709999999995,1.63265,1.2558500000000001,-0.30485,0.03065,4.85,-0.045,14.99,0.0
2023-08-16 11:22:00,541.9748,-1363.61785,472.976,-295.53725,232.48555,48.452749999999995,137.54084999999998,-493.6198,1.6235499999999998,1.2514,-0.2955,0.04245,4.0,0.0,14.99,0.0
2023-08-16 11:23:00,639.7773,-1450.4488000000001,533.34385,-370.7074,262.44675,45.26685,142.34325,-504.9625,1.69615,1.2891,-0.38959999999999995,-0.07465,6.05,0.03,14.99,0.0
2023-08-16 11:24:00,627.62155,-1406.66545,523.6179,-386.49455,259.12149999999997,41.26345,129.27375,-488.024,1.6871,1.2877,-0.38,-0.06195,6.25,-0.035,14.99,0.0
2023-08-16 11:25:00,560.9051999999999,-1337.36115,496.2023,-291.28755,241.44060000000002,54.622150000000005,146.52715,-503.4167,1.6274000000000002,1.2518,-0.3023,0.03225,4.35,0.045,14.99,0.0
2023-08-16 11:26:00,629.2185999999999,-1489.4046,530.3585,-420.40925000000004,262.56669999999997,44.4867,78.02915,-496.07925,1.68385,1.28065,-0.38180000000000003,-0.05105,5.55,-0.035,14.99,0.0
2023-08-16 11:27:00,572.6007,-1558.8054,493.678,-371.12890000000004,246.9041,46.412549999999996,59.7164,-502.6789,1.63955,1.26545,-0.3216,0.014499999999999999,5.7,-0.01,14.99,0.0
2023-08-16 11:28:00,514.8294,-1509.8348,464.11645,-314.7961,231.61575,51.1212,37.60485,-492.0641,1.5941,1.2427000000000001,-0.2583,0.08360000000000001,4.1,0.0,14.99,0.0
2023-08-16 11:29:00,547.3712499999999,-1537.5344,477.62365,-329.2233,242.61975,45.978899999999996,40.27815,-485.5337,1.6206,1.25505,-0.29964999999999997,0.0423,4.8,0.0,14.99,0.0
2023-08-16 11:30:00,543.2439999999999,-1529.295,474.68395,-324.56525,241.75615,45.43365,34.4011,-482.581,1.6155499999999998,1.2534,-0.29325,0.04895,4.65,0.0,14.99,0.0
2023-08-16 11:31:00,541.50305,-1523.592,472.79455,-321.4255,241.71335,46.219350000000006,28.5635,-481.88305,1.612,1.2513,-0.28965,0.05185,4.3,0.0,14.99,0.0
2023-08-16 11:32:00,439.23805,-1391.47335,416.7606,-193.96895,215.67155,51.9514,25.136850000000003,-469.0038,1.5352999999999999,1.2147999999999999,-0.18259999999999998,0.16615000000000002,3.7,-0.025,14.99,0.0
2023-08-16 11:33:00,441.54445,-1675.88805,419.62715000000003,18.6548,216.0871,53.42305,12.89165,-470.49649999999997,1.5344,1.2067,-0.1807,0.17295,2.3,0.005,14.99,0.0
2023-08-16 11:34:00,551.481,-1861.4256,476.78745000000004,-109.68475000000001,244.62630000000001,44.88675,12.23435,-488.1462,1.6174499999999998,1.2466,-0.29874999999999996,0.0431,4.6,0.02,14.99,0.0
2023-08-16 11:35:00,576.15335,-2104.6962000000003,490.50485000000003,-15.6835,250.89935,42.061400000000006,-14.3336,-474.99555,1.63775,1.2616999999999998,-0.32999999999999996,0.008,4.9,-0.01,14.99,0.0
2023-08-16 11:36:00,547.4458999999999,-2086.3082,474.20215,16.07085,242.25959999999998,42.43065,-26.956400000000002,-466.5098,1.6127,1.2495500000000002,-0.295,0.0456,3.9,0.0,14.99,0.0
2023-08-16 11:37:00,546.12285,-2077.8887000000004,473.00419999999997,21.75715,241.76195,43.9486,-27.084699999999998,-466.3979,1.61245,1.2473,-0.29695,0.0476,5.3,0.0,14.99,0.0
2023-08-16 11:38:00,489.8816,-1904.9446,441.69849999999997,52.3051,224.66635,48.32015,-40.918049999999994,-452.5004,1.56855,1.22675,-0.2386,0.11235,3.7,0.0,14.99,0.0
2023-08-16 11:39:00,419.99440000000004,-1357.1460000000002,402.45915,-70.44565,208.41230000000002,48.1906,-47.3138,-442.36405,1.5141499999999999,1.1987,-0.1602,0.19935,2.8,-0.01,14.99,0.0
2023-08-16 11:40:00,507.697,-1485.28465,441.85720000000003,-228.50304999999997,230.8902,40.1185,-28.13015,-464.77615000000003,1.58875,1.23365,-0.26370000000000005,0.07830000000000001,3.25,0.0,14.99,0.0
2023-08-16 11:41:00,436.61875,-1362.2921000000001,411.4022,-90.8055,214.97145,48.1678,-42.8108,-439.32669999999996,1.5275,1.2049500000000002,-0.18445,0.1754,3.0,0.0,14.99,0.0
2023-08-16 11:42:00,459.2836,-1403.4366,420.89855,-107.40125,218.1335,49.323499999999996,-37.748450000000005,-441.9592,1.5438,1.2109999999999999,-0.2099,0.14795,3.1500000000000004,0.0,14.99,0.0
2023-08-16 11:43:00,508.75685,-1492.1784499999999,449.50975,-200.49145,232.7489,44.31755,-30.8779,-455.9543,1.57955,1.2309999999999999,-0.26185,0.09095,3.95,0.0,14.99,0.0
2023-08-16 11:44:00,486.3342,-1442.2317,436.02639999999997,-169.17305,227.12849999999997,44.343149999999994,-36.903099999999995,-447.9413,1.5606499999999999,1.221,-0.23570000000000002,0.11979999999999999,3.1500000000000004,0.0,14.99,0.0
2023-08-16 11:45:00,630.7661,-1514.0041,519.8251,-405.09215,268.2069,37.1276,-27.0084,-473.28869999999995,1.671,1.2784,-0.37329999999999997,-0.04335,6.3,0.01,14.99,0.0
2023-08-16 11:46:00,595.5795499999999,-1384.2192,498.62395000000004,-370.2106,258.85685,37.15015,-39.105900000000005,-457.99645,1.6397,1.2699,-0.3492,-0.013850000000000001,5.0,0.0,14.99,0.0
2023-08-16 11:47:00,508.63785,-1401.0327499999999,445.56435,-241.71535,235.28674999999998,40.66289999999999,-44.0412,-442.94565,1.5765,1.23345,-0.2635,0.0896,3.8,0.0,14.99,0.0
2023-08-16 11:48:00,507.88464999999997,-1394.15375,448.90195,-224.8815,235.31055,44.1575,-48.2475,-443.34095,1.5715,1.2302499999999998,-0.25765,0.0974,4.0,0.0,14.99,0.0
2023-08-16 11:49:00,528.3555,-1471.10025,462.7074,-250.34539999999998,241.57855,41.3281,-44.674949999999995,-455.3443,1.5868,1.23385,-0.28165,0.0765,2.95,0.0,14.99,0.0
2023-08-16 11:50:00,553.46225,-1449.36265,470.9987,-272.53155000000004,249.44055,37.5184,-36.9488,-458.58815000000004,1.6062,1.2471,-0.31,0.03955,4.1,0.0,14.99,0.0
2023-08-16 11:51:00,541.58505,-1443.1305,468.20619999999997,-265.48915,247.03775,39.07825,-40.78465,-455.9285,1.59585,1.24235,-0.29945,0.05495,4.5,0.0,14.99,0.0
2023-08-16 11:52:00,539.8896,-1436.1648500000001,466.1151,-274.2614,247.4062,39.03435,-42.71505,-454.42075,1.5934,1.241,-0.29564999999999997,0.05645,4.1,0.0,14.99,0.0
2023-08-16 11:53:00,435.96725000000004,-1449.55885,405.38335,-90.35990000000001,217.9429,43.2183,-61.63875,-433.24154999999996,1.50855,1.20945,-0.18365,0.18064999999999998,3.8499999999999996,-0.02,14.99,0.0
2023-08-16 11:54:00,507.4373,-1622.8584999999998,446.14275,-97.9978,237.7257,40.5777,-42.74925,-459.99495,1.56165,1.2209,-0.2521,0.10425000000000001,3.7,0.01,14.99,0.0
2023-08-16 11:55:00,527.35345,-1544.9608,455.20045,-175.0437,244.4565,37.301050000000004,-38.2765,-463.47915,1.5816,1.23285,-0.28445,0.07095,3.8,0.0,14.99,0.0
2023-08-16 11:56:00,541.7218,-1560.6057999999998,468.5222,-189.56195000000002,248.83544999999998,38.919,-36.484449999999995,-468.27470000000005,1.59145,1.237,-0.29779999999999995,0.05655,4.6,0.01,14.99,0.0
2023-08-16 11:57:00,531.4721999999999,-1506.06695,454.9614,-212.72629999999998,243.8139,36.4304,-46.76465,-462.63070000000005,1.5803,1.2342499999999998,-0.28959999999999997,0.06365,3.7,-0.03,14.99,0.0
2023-08-16 11:58:00,460.7241,-1577.08795,426.65705,-9.6721,223.23964999999998,43.65725,-60.8198,-451.49415,1.5204,1.2013500000000001,-0.2064,0.16465,4.0,0.01,14.99,0.0
2023-08-16 11:59:00,451.297,-1475.5317,405.86605,-59.859750000000005,219.52075,42.051,-66.38735,-448.48114999999996,1.5181,1.20175,-0.2077,0.16585,2.3499999999999996,-0.01,14.99,0.0
2023-08-16 12:00:00,433.67075,-1435.22635,394.8297,-64.97215,216.04264999999998,39.82045,-74.86625000000001,-445.84985,1.5039,1.19265,-0.18830000000000002,0.1854,3.7,0.0,14.99,0.0
2023-08-16 12:01:00,466.32785,-1455.5207,411.98675000000003,-109.19845000000001,221.7807,38.71865,-67.9554,-456.71005,1.52885,1.2013500000000001,-0.2291,0.14500000000000002,2.95,0.0,14.99,0.0
2023-08-16 12:02:00,455.3716,-1439.0021,404.35595,-100.2539,217.6957,37.653999999999996,-75.5365,-450.29075,1.5202,1.2009500000000002,-0.21955,0.15405000000000002,3.3,0.005,14.99,0.0
2023-08-16 12:03:00,471.4968,-1457.2691,413.4912,-127.1751,221.1823,37.1174,-71.83840000000001,-455.7099,1.5328499999999998,1.2069,-0.23745,0.1346,3.5,0.0,14.99,0.0
2023-08-16 12:04:00,477.772,-1469.0202,416.34295,-134.18285,221.47379999999998,35.06415,-70.54135,-458.58875,1.5365000000000002,1.2077499999999999,-0.2472,0.1254,3.4,0.01,14.99,0.0
2023-08-16 12:05:00,622.496,-1607.9688999999998,500.9202,-246.42775,262.43,28.26325,-45.20485,-476.9033,1.64625,1.263,-0.39695,-0.05245,5.1,0.02,14.99,0.0
2023-08-16 12:06:00,631.2654,-1714.2404999999999,502.86605,-243.683,263.7298,26.560699999999997,-50.84655,-450.1368,1.6576499999999998,1.27335,-0.41400000000000003,-0.06964999999999999,4.9,0.0,14.99,0.0
2023-08-16 12:07:00,571.50425,-1661.4758000000002,467.0454,-213.83120000000002,246.22269999999997,29.6842,-66.72025,-434.6613,1.6130499999999999,1.2523499999999999,-0.35440000000000005,0.004200000000000001,4.5,-0.01,14.99,0.0
2023-08-16 12:08:00,535.62445,-1565.1465,449.8932,-189.72005000000001,235.8991,34.34695,-77.17345,-423.53115,1.58255,1.23835,-0.315,0.0495,4.0,0.0,14.99,0.0
2023-08-16 12:09:00,546.2102500000001,-1575.5285,461.63495,-192.26745,239.28145,37.235150000000004,-74.51585,-424.60985,1.5892499999999998,1.2423,-0.3259,0.038099999999999995,4.55,0.0,14.99,0.0
2023-08-16 12:10:00,544.55615,-1576.1676,460.99530000000004,-194.66865,239.25254999999999,36.94615,-74.398,-423.27855,1.5892,1.2418,-0.32525,0.04055,4.55,0.0,14.99,0.0
2023-08-16 12:11:00,569.8334500000001,-1588.6608999999999,470.31455,-241.89425,247.727,32.84605,-67.16965,-425.53675,1.6092499999999998,1.2503000000000002,-0.353,0.00555,4.7,-0.03,14.99,0.0
2023-08-16 12:12:00,421.79945,-1542.09255,387.13329999999996,-37.629000000000005,208.72795,41.2388,-95.31645,-396.11990000000003,1.4917,1.19395,-0.20205,0.18475,3.0,0.0,14.99,0.0
2023-08-16 12:13:00,443.50245,-1442.3359,410.5813,-92.78325,215.44625000000002,45.02815,-87.864,-406.59895,1.4981499999999999,1.19195,-0.20515,0.1603,3.4,0.01,14.99,0.0
2023-08-16 12:14:00,560.07885,-1517.9034499999998,470.98785,-311.62085,247.5806,36.3059,-73.2058,-418.4655,1.58935,1.24085,-0.33825,0.02975,4.8,0.015,14.99,0.0
2023-08-16 12:15:00,590.28675,-1549.7,486.9604,-338.99385,258.82545,31.47335,-71.57875000000001,-408.0223,1.61645,1.2557,-0.36975,-0.01225,6.1,0.0,14.99,0.0
2023-08-16 12:16:00,552.1418,-1516.7466,466.9404,-305.12935,248.82395,35.6006,-78.72649999999999,-399.1295,1.58405,1.2408,-0.32945,0.0372,5.2,0.0,14.99,0.0
2023-08-16 12:17:00,565.18245,-1525.5430000000001,479.5013,-310.35155,253.61970000000002,35.04345,-75.4999,-404.4774,1.5904500000000001,1.2447499999999998,-0.34015,0.02835,5.7,0.0,14.99,0.0
2023-08-16 12:18:00,608.09275,-1551.1142,501.26660000000004,-348.17134999999996,266.75964999999997,32.617599999999996,-69.09455,-409.48245,1.6242,1.2601,-0.3853,-0.02685,5.8,0.0,14.99,0.0
2023-08-16 12:19:00,536.1019,-1478.2548,461.1356,-281.08825,246.6387,38.5961,-82.71860000000001,-396.0318,1.5604,1.2303,-0.3075,0.0701,4.05,-0.02,14.99,0.0
2023-08-16 12:20:00,631.2392,-1453.2349,513.94075,-436.02265,276.02555,29.74905,-69.26535,-403.96905000000004,1.63705,1.2681,-0.4087,-0.0582,5.55,0.02,14.99,0.0
2023-08-16 12:21:00,650.09515,-1467.2594,532.8299999999999,-449.30944999999997,281.35215,33.67805,-66.46655,-408.84135000000003,1.6572,1.27695,-0.4283,-0.08410000000000001,6.6,0.01,14.99,0.0
2023-08-16 12:22:00,684.15575,-1471.20175,548.1186,-481.10125,291.34884999999997,30.052,-90.96645000000001,-403.8895,1.6779,1.293,-0.46125,-0.11395,6.55,0.0,14.99,0.0
2023-08-16 12:23:00,674.09475,-1460.93255,541.16155,-491.6266,289.33034999999995,28.364800000000002,-92.58840000000001,-401.74705,1.67415,1.2937500000000002,-0.4579,-0.11069999999999999,6.199999999999999,0.0,14.99,0.0
2023-08-16 12:24:00,701.8648499999999,-1526.9906,560.338,-509.1295,297.52049999999997,27.82865,-114.03185,-397.48815,1.6893,1.3077999999999999,-0.47650000000000003,-0.1168,6.3,-0.03,14.99,0.0
2023-08-16 12:25:00,688.39615,-1463.729,545.9241,-492.41515000000004,294.19235000000003,25.1788,-113.2015,-392.8873,1.6797499999999999,1.3012,-0.46940000000000004,-0.12355,6.1,0.0,14.99,0.0
2023-08-16 12:26:00,641.6841,-1429.4596000000001,514.6887999999999,-474.95655,280.66565,24.278950000000002,-111.1106,-387.61315,1.6480000000000001,1.2842500000000001,-0.42815000000000003,-0.07525,4.25,0.0,14.99,0.0
2023-08-16 12:27:00,673.60575,-1567.71805,534.92615,-477.39144999999996,289.7556,25.907449999999997,-113.34535,-391.50475,1.6675,1.2955999999999999,-0.4565,-0.1085,6.25,0.03,14.99,0.0
2023-08-16 12:28:00,581.29095,-1470.8856,490.3302,-166.27749999999997,263.4665,34.2662,-117.9401,-385.4008,1.593,1.2556,-0.3579,-0.010750000000000001,3.5,0.01,14.99,0.0
2023-08-16 12:29:00,633.5496,-1261.5124500000002,523.41275,-542.8024499999999,278.51705000000004,33.400400000000005,-117.94095,-398.3401,1.63335,1.2728000000000002,-0.41045,-0.0411,5.25,0.005,14.99,0.0
2023-08-16 12:30:00,602.7628500000001,-1248.6204,497.13779999999997,-522.51295,269.48384999999996,31.375349999999997,-125.6925,-389.29865,1.61165,1.26615,-0.38665,-0.02015,5.0,0.0,14.99,0.0
2023-08-16 12:31:00,714.251,-2205.2085,564.62835,-122.69775,302.93415,26.056600000000003,-120.8868,-396.42224999999996,1.7020499999999998,1.3132000000000001,-0.50285,-0.1595,6.7,0.01,14.99,0.0
2023-08-16 12:32:00,708.83515,-2264.2925999999998,551.4667999999999,-58.5008,300.58815000000004,19.9725,-115.7951,-383.5327,1.6982499999999998,1.3192499999999998,-0.5037,-0.15625,6.1,0.0,14.99,0.0
2023-08-16 12:33:00,663.3326500000001,-2461.433,526.3023499999999,57.78045,285.83029999999997,31.0775,-104.34545,-379.3973,1.6612,1.3009,-0.45945,-0.08610000000000001,3.7,0.0,14.99,0.0
2023-08-16 12:34:00,766.74855,-1341.9974,598.25965,-856.9159999999999,316.66055,22.691,-313.7097,-310.50685,1.74195,1.3685,-0.5686,-0.2255,7.6,0.0,14.99,0.0
2023-08-16 12:35:00,706.4766999999999,-1273.52245,562.0446,-833.8896500000001,298.5695,25.7123,-293.4181,-310.43895,1.69185,1.3388499999999999,-0.50035,-0.1493,6.6,-0.04,14.99,0.0
2023-08-16 12:36:00,740.88995,-1262.23125,585.26665,-876.6378500000001,309.4673,25.98495,-291.25075,-300.15700000000004,1.721,1.35495,-0.54115,-0.19595,6.8,0.03,14.99,0.0
2023-08-16 12:37:00,758.00355,-979.2621,586.2881500000001,-1011.12175,315.52594999999997,21.527050000000003,-307.9213,-277.53409999999997,1.73875,1.36695,-0.5622499999999999,-0.2189,6.9,-0.01,14.99,0.0
2023-08-16 12:38:00,728.92065,-982.4504999999999,571.98665,-994.5679,307.0229,23.54515,-301.5802,-280.0369,1.7121499999999998,1.3578,-0.5334,-0.18415,7.2,0.0,14.99,0.0
2023-08-16 12:39:00,698.7076,-985.2075,558.8995,-938.36105,297.88365,22.9293,-304.20065,-297.83135000000004,1.6872500000000001,1.3397,-0.5033,-0.15039999999999998,6.7,-0.01,14.99,0.0
2023-08-16 12:40:00,662.5827,-682.05705,535.83695,-445.5438,286.96355,31.88585,-8.34135,-261.63030000000003,1.66235,1.3304,-0.46125,-0.10364999999999999,5.95,-0.01,14.99,0.0
2023-08-16 12:41:00,615.3458499999999,-518.1596999999999,506.83365000000003,-348.08055,270.84754999999996,31.6782,124.20775,-253.70945,1.62275,1.3141,-0.41765,-0.06475,4.15,0.02,14.99,0.0
2023-08-16 12:42:00,730.83525,-608.05695,567.05945,-387.85164999999995,305.30285000000003,20.9985,-165.95065,-126.59355,1.7236500000000001,1.41055,-0.54325,-0.18205,7.1,-0.04,14.99,0.0
2023-08-16 12:43:00,609.1034,-586.08185,496.31309999999996,-387.6453,269.73109999999997,27.3584,-289.36085,-122.11625000000001,1.62255,1.3467500000000001,-0.4217,-0.04995,5.3,-0.01,14.99,0.0
2023-08-16 12:44:00,573.74775,-515.27835,476.23249999999996,-356.93465000000003,260.24649999999997,30.9009,-283.6058,-113.25105,1.5876,1.3285,-0.3798,-0.00045,4.35,0.0,14.99,0.0
2023-08-16 12:45:00,601.02595,-521.0419999999999,492.3311,-333.32425,268.53409999999997,29.848399999999998,-243.07369999999997,-88.46000000000001,1.60575,1.3439,-0.40315,-0.025099999999999997,4.15,0.0,14.99,0.0
2023-08-16 12:46:00,592.25325,-512.9148,490.90735,-327.66895,266.05495,31.1279,-243.8851,-85.10885,1.5972,1.34015,-0.3961,-0.017750000000000002,5.3,0.0,14.99,0.0
2023-08-16 12:47:00,592.8932,-508.70714999999996,489.62170000000003,-325.66385,265.93420000000003,30.01525,-238.90715,-85.1006,1.5970499999999999,1.3405,-0.39855,-0.0206,5.3,0.0,14.99,0.0
2023-08-16 12:48:00,630.57385,-508.30015,507.6536,-310.66925000000003,274.985,28.519399999999997,-198.02585,-75.1445,1.6206,1.3620999999999999,-0.43705,-0.04995,5.25,0.0,14.99,0.0
2023-08-16 12:49:00,649.3898,-509.70955000000004,523.8806500000001,-313.40070000000003,280.49080000000004,29.806,-191.05200000000002,-83.70535000000001,1.641,1.3739,-0.4492,-0.07855000000000001,5.25,-0.03,14.99,0.0
2023-08-16 12:50:00,570.793,-416.08385,480.6183,-307.454,255.53125,34.919650000000004,-267.44395,-112.441,1.5777,1.3265500000000001,-0.3769,0.0043,4.35,0.04,14.99,0.0
2023-08-16 12:51:00,708.60855,-345.3383,556.06485,-207.22840000000002,294.5685,23.188450000000003,-80.9975,-64.53110000000001,1.7016499999999999,1.4249,-0.54315,-0.1634,7.15,0.0,14.99,0.0
2023-08-16 12:52:00,634.5082,-372.54955,506.65795,-255.87655,271.3855,24.31915,-220.5163,-74.71645,1.6383,1.3832499999999999,-0.4645,-0.08310000000000001,6.1,-0.03,14.99,0.0
2023-08-16 12:53:00,612.5942,-381.9596,493.47185,-269.2498,264.51715,27.482599999999998,-247.47045,-80.22725,1.6175,1.36945,-0.438,-0.0484,5.9,0.0,14.99,0.0
2023-08-16 12:54:00,606.10465,-394.33500000000004,496.17505,-280.75350000000003,262.21325,30.4447,-263.43404999999996,-84.56495,1.6094499999999998,1.3636,-0.42869999999999997,-0.0396,6.15,0.0,14.99,0.0
2023-08-16 12:55:00,628.9566,-391.99835,511.64325,-272.1272,269.25715,32.16355,-245.237,-79.65015,1.6322,1.3815499999999998,-0.4562,-0.07264999999999999,6.5,0.0,14.99,0.0
2023-08-16 12:56:00,682.44085,-387.18255,542.79865,-249.72359999999998,285.1483,30.32465,-190.11079999999998,-61.8351,1.6718,1.4126500000000002,-0.5122,-0.12714999999999999,6.55,-0.01,14.99,0.0
2023-08-16 12:57:00,629.05865,-408.06075,510.44595,-274.5547,270.12075,31.98,-247.49734999999998,-69.1408,1.6293,1.38355,-0.46099999999999997,-0.0669,5.85,0.0,14.99,0.0
2023-08-16 12:58:00,591.9991,-405.5324,487.87685,-273.0692,259.97945,28.8893,-253.26569999999998,-66.0561,1.5995,1.3648,-0.42005000000000003,-0.0296,5.15,-0.01,14.99,0.0
2023-08-16 12:59:00,528.7346,-429.22175,454.24815,-310.79875000000004,243.41070000000002,35.2782,-337.69545,-89.9927,1.54365,1.3214,-0.35245,0.04585,4.15,0.0,14.99,0.0
2023-08-16 13:00:00,544.70845,-365.37045,474.59254999999996,-276.6936,248.63580000000002,37.638999999999996,-310.31600000000003,-78.7722,1.5527,1.33325,-0.368,0.0376,4.15,0.01,14.99,0.0
2023-08-16 13:01:00,513.39805,-337.47435,447.67295,-266.69235000000003,241.79455000000002,36.485699999999994,-317.78445,-75.70734999999999,1.5324,1.3192499999999998,-0.34995,0.06080000000000001,3.8,0.0,14.99,0.0
2023-08-16 13:02:00,533.95105,-312.5405,457.7498,-241.58859999999999,248.7108,34.50275,-300.09950000000003,-67.36,1.53655,1.32205,-0.3513,0.051449999999999996,3.8499999999999996,0.0,14.99,0.0
2023-08-16 13:03:00,527.68055,-304.56195,451.5713,-236.01075,248.0786,36.33605,-295.3055,-66.4684,1.5413999999999999,1.31825,-0.34885,0.0456,4.0,0.0,14.99,0.0
2023-08-16 13:04:00,588.29045,-279.23825,485.79510000000005,-193.73395,266.21885,30.1592,-216.48615,-39.3095,1.5862500000000002,1.3523,-0.4145,-0.0174,5.0,0.0,14.99,0.0
2023-08-16 13:05:00,577.4927,-291.02195,482.50149999999996,-197.69835,264.77324999999996,29.698500000000003,-219.52695,-40.46295,1.5779,1.3477999999999999,-0.4026,-0.00835,4.8,0.0,14.99,0.0
2023-08-16 13:06:00,651.86205,-297.281,535.3369,-176.91205000000002,287.5246,34.2885,-154.07055,-20.0881,1.6345,1.3874499999999999,-0.47635000000000005,-0.08785,6.4,0.01,14.99,0.0
2023-08-16 13:07:00,660.7876,-290.58855,542.1752,-168.93075,291.06100000000004,30.7536,-146.502,-15.07975,1.6404,1.40435,-0.4881,-0.10245,7.35,-0.01,14.99,0.0
2023-08-16 13:08:00,641.79615,-279.80705,531.8047,-179.9082,285.54769999999996,33.774100000000004,-193.61775,-23.1037,1.6278,1.38625,-0.4726,-0.07905000000000001,6.1,0.0,14.99,0.0
2023-08-16 13:09:00,796.9832,-168.67355,626.0178000000001,-74.3424,333.9975,26.3726,-53.55055,23.32805,1.755,1.5057,-0.6631,-0.2329,8.850000000000001,0.04,14.99,0.0
2023-08-16 13:10:00,580.57605,-276.3114,491.70889999999997,-174.7496,269.61005,30.2176,-212.8975,-8.0774,1.57545,1.3732,-0.4006,-0.0023499999999999997,4.25,-0.03,14.99,0.0
2023-08-16 13:11:00,503.09675,-216.51454999999999,445.73744999999997,-191.49065000000002,248.02370000000002,38.2078,-295.81174999999996,-54.8815,1.5023499999999999,1.3103,-0.31465,0.0947,2.9,-0.02,14.99,0.0
2023-08-16 13:12:00,463.46715,-189.44385,419.73040000000003,-204.76704999999998,238.5767,38.859399999999994,-348.3753,-76.74445,1.4765000000000001,1.29075,-0.28375,0.1232,2.0,0.03,14.99,0.0
2023-08-16 13:13:00,620.70925,-101.02285,523.4458999999999,-92.4298,282.7718,26.8141,-208.4577,-5.39795,1.60005,1.3867,-0.43584999999999996,-0.0448,6.05,-0.005,14.99,0.0
2023-08-16 13:14:00,720.6906,-97.26055,571.5593,-72.008,310.2442,25.6195,-161.66665,6.4513,1.69655,1.4588,-0.5467,-0.11565,7.15,-0.04,14.99,0.0
2023-08-16 13:15:00,695.07465,-87.63650000000001,551.7181,-75.17545000000001,302.17515000000003,23.3933,-172.13414999999998,7.686999999999999,1.66435,1.4524499999999998,-0.52425,-0.1168,7.0,0.0,14.99,0.0
2023-08-16 13:16:00,609.3565,-128.9402,500.608,-113.08224999999999,276.7352,28.3825,-224.01760000000002,-11.9326,1.5961,1.4026999999999998,-0.43595,-0.02095,6.1,-0.015,14.99,0.0
2023-08-16 13:17:00,612.6867,-140.99355,496.26239999999996,-117.0055,276.5507,30.32325,-229.59465,-10.83325,1.5932499999999998,1.4046500000000002,-0.4366,-0.020200000000000003,5.8,-0.01,14.99,0.0
2023-08-16 13:18:00,519.0854,-232.4038,445.70105,-197.9307,248.52845000000002,32.97455,-309.9704,-49.144999999999996,1.51585,1.3451,-0.3387,0.07715,4.6,0.0,14.99,0.0
2023-08-16 13:19:00,526.3062500000001,-230.5196,452.3362,-196.04225,249.6044,32.79105,-310.80305,-46.79485,1.5227,1.3514,-0.3517,0.06570000000000001,3.8,0.0,14.99,0.0
2023-08-16 13:20:00,578.1447499999999,-206.07,480.26855,-168.25779999999997,262.90665,28.59575,-284.15115000000003,-27.25665,1.5700500000000002,1.38735,-0.4097,0.0053,5.3,0.0,14.99,0.0
2023-08-16 13:21:00,588.2946999999999,-210.11605,488.3335,-170.16965,264.65200000000004,29.933,-286.15864999999997,-26.70035,1.57365,1.3902999999999999,-0.42735,-0.0072,3.7,0.01,14.99,0.0
2023-08-16 13:22:00,490.53565000000003,-77.14545000000001,438.67255,-195.50905,236.779,41.2718,-418.16675,-113.01679999999999,1.5079500000000001,1.35255,-0.33425,0.0933,3.8,0.0,14.99,0.0
2023-08-16 13:23:00,563.51575,-34.2083,469.89135,-130.40179999999998,256.55809999999997,31.1023,-346.8108,-71.0793,1.56405,1.4177499999999998,-0.4183,0.016300000000000002,4.85,0.01,14.99,0.0
2023-08-16 13:24:00,510.6873,-93.2552,445.15925,-191.9817,241.82125000000002,39.294650000000004,-410.10025,-107.00845000000001,1.52275,1.3695499999999998,-0.3531,0.07435,4.2,0.0,14.99,0.0
2023-08-16 13:25:00,459.90774999999996,-81.8768,423.52115000000003,-217.85035,227.74125,45.97585,-470.57714999999996,-154.49054999999998,1.4847000000000001,1.32525,-0.3227,0.12415000000000001,4.4,0.0,14.99,0.0
2023-08-16 13:26:00,458.69965,-48.61765,414.1983,-205.0954,220.44580000000002,43.22545,-474.4803,-156.99145,1.47485,1.3162,-0.2812,0.13195,3.6,-0.01,14.99,0.0
2023-08-16 13:27:00,624.2269,47.22085,422.3451,-206.2798,204.373,-5.5226,-536.75865,-200.5858,1.44345,1.28885,-0.2555,0.17045,4.8,0.02,15.0,0.0
2023-08-16 13:28:00,601.5617,38.097049999999996,413.76695,-236.8007,198.95510000000002,-0.48009999999999997,-580.1521,-227.33515,1.42145,1.2754,-0.2278,0.1885,3.95,-0.025,15.0,0.0
2023-08-16 13:29:00,542.7778000000001,43.84415,390.02655,-272.9231,189.261,7.5969999999999995,-644.1765499999999,-272.3161,1.38265,1.24005,-0.1734,0.2381,5.7,0.0,15.0,0.0
2023-08-16 13:30:00,562.89165,46.231449999999995,399.44855,-258.7161,191.73694999999998,5.0280000000000005,-620.11235,-257.76635,1.3937,1.2493,-0.1893,0.2224,6.8,0.0,15.0,0.0
2023-08-16 13:31:00,598.15025,48.74705,413.6597,-243.0802,196.29070000000002,2.5072,-597.211,-242.29149999999998,1.4124500000000002,1.263,-0.21715,0.20105,1.8,0.0,15.0,0.0
2023-08-16 13:32:00,540.66425,44.70995,387.97875,-269.44085,188.1976,6.615399999999999,-633.9228,-271.3903,1.38755,1.2454,-0.18635000000000002,0.22815,1.5,0.0,15.0,0.0
2023-08-16 13:33:00,600.73775,48.4764,412.8186,-244.60334999999998,195.81545,1.46875,-598.8199999999999,-244.75065,1.4166500000000002,1.2662,-0.22335,0.1893,2.4,0.0,15.0,0.0
2023-08-16 13:34:00,595.20845,49.7759,413.80815,-253.66655,193.8439,3.6985,-611.7615000000001,-254.0248,1.40755,1.2734,-0.2248,0.2037,2.8499999999999996,0.0,15.0,0.0
2023-08-16 13:35:00,595.5596,45.24735,411.44295,-238.28415,195.6085,0.90995,-579.6641999999999,-234.40695,1.42605,1.2800500000000001,-0.24059999999999998,0.1822,1.35,0.0,15.0,0.0
2023-08-16 13:36:00,586.78055,42.86395,412.45625,-256.9904,191.8554,6.99935,-620.37195,-251.59785,1.41225,1.2617,-0.22055000000000002,0.195,3.95,0.0,15.0,0.0
2023-08-16 13:37:00,536.48495,47.018150000000006,384.01054999999997,-263.51300000000003,187.71835,6.372249999999999,-629.0542,-264.4217,1.3928,1.2523,-0.19615,0.2219,3.8,0.0,15.0,0.0
2023-08-16 13:38:00,524.3172500000001,46.880250000000004,377.91954999999996,-266.82755,186.3827,8.1663,-631.7657,-269.68775,1.38285,1.24465,-0.18445,0.23125,3.7,0.0,15.0,0.0
2023-08-16 13:39:00,511.6023,42.25715,376.69325000000003,-277.53415,184.30790000000002,11.026399999999999,-648.5701,-278.1207,1.375,1.2386,-0.17145,0.2436,4.0,0.0,15.0,0.0
2023-08-16 13:40:00,518.6804999999999,39.2837,381.07500000000005,-274.0362,185.529,10.72455,-638.2037,-273.84524999999996,1.3765,1.24045,-0.17415,0.24035,4.15,0.0,15.0,0.0
2023-08-16 13:41:00,533.8498500000001,39.64615,387.85315,-265.13165000000004,188.19164999999998,9.21495,-619.7112,-264.1589,1.3839,1.2466499999999998,-0.18714999999999998,0.23045,3.1,0.0,15.0,0.0
2023-08-16 13:42:00,566.37005,35.196650000000005,403.99945,-244.22095000000002,192.86245,7.8756,-587.76385,-237.27620000000002,1.39635,1.2584499999999998,-0.20335,0.21450000000000002,6.4,0.0,15.0,0.0
2023-08-16 13:43:00,512.4867,35.6365,379.68995,-273.15405,187.2474,11.3442,-633.8844,-270.41995,1.3719999999999999,1.2377500000000001,-0.1701,0.2425,4.85,0.0,15.0,0.0
2023-08-16 13:44:00,523.70715,38.21935,386.18354999999997,-269.4969,188.79095,11.85525,-626.9923,-269.10135,1.37785,1.2401499999999999,-0.17905,0.23675000000000002,4.0,0.0,15.0,0.0
2023-08-16 13:45:00,518.35625,42.52915,381.20035,-269.64874999999995,188.9914,10.872900000000001,-626.4945,-273.27215,1.38225,1.2398500000000001,-0.1835,0.23175,3.0,0.0,15.0,0.0
2023-08-16 13:46:00,509.2884,44.05159999999999,380.3098,-276.496,186.7894,12.64275,-636.9799,-283.8795,1.37805,1.2357,-0.17675000000000002,0.2379,2.1,0.0,15.0,0.0
2023-08-16 13:47:00,527.9499000000001,46.405699999999996,389.5562,-259.044,190.0642,11.665949999999999,-610.16755,-262.85495000000003,1.38395,1.2421,-0.18705,0.22744999999999999,3.2,0.0,15.0,0.0
2023-08-16 13:48:00,549.5601,47.88525,401.6449,-244.44400000000002,192.9127,11.43185,-589.3469,-247.98955,1.3881999999999999,1.2490999999999999,-0.19435,0.22094999999999998,5.25,0.0,15.0,0.0
2023-08-16 13:49:00,555.9564,45.03795,405.7746,-243.8536,194.10815000000002,11.009450000000001,-585.46185,-244.17624999999998,1.38775,1.24825,-0.1932,0.22325,5.45,0.0,15.0,0.0
2023-08-16 13:50:00,532.1025,43.1357,393.78895,-253.98365,193.08205,11.930250000000001,-604.1915,-254.9503,1.37865,1.2401,-0.1812,0.2328,4.4,0.0,15.0,0.0
2023-08-16 13:51:00,495.66769999999997,38.468500000000006,378.1657,-280.77745,189.31889999999999,14.934249999999999,-650.01595,-280.11975,1.3615,1.22485,-0.1592,0.2535,3.7,0.0,15.0,0.0
2023-08-16 13:52:00,478.33125,38.908699999999996,368.32565,-292.5172,188.7975,14.796050000000001,-666.56315,-296.41920000000005,1.3566,1.2178499999999999,-0.149,0.26335,3.4,0.0,15.0,0.0
2023-08-16 13:53:00,511.9755,42.0493,381.35755,-269.60835,194.21275,10.459900000000001,-616.5197000000001,-276.22164999999995,1.3743,1.2333500000000002,-0.17665,0.2379,4.4,0.0,15.0,0.0
2023-08-16 13:54:00,489.03634999999997,41.28485,373.2078,-293.6974,190.31445,14.09635,-660.9407,-300.78025,1.3592499999999998,1.2203499999999998,-0.15525,0.25805,4.15,0.0,15.0,0.0
2023-08-16 13:55:00,521.92625,52.60835,384.963,-264.29565,195.19795,9.7479,-614.0354,-276.93035,1.3755,1.2355,-0.1805,0.23399999999999999,4.3,0.0,15.0,0.0
2023-08-16 13:56:00,530.7751000000001,54.33,391.0698,-264.5203,194.84064999999998,10.11685,-616.39355,-277.51734999999996,1.37595,1.23625,-0.18145,0.23335,5.0,0.0,15.0,0.0
2023-08-16 13:57:00,529.2223,58.0212,387.2833,-263.61635,193.9875,8.81195,-615.1640500000001,-279.892,1.3780000000000001,1.24045,-0.18514999999999998,0.22905,3.9,0.0,15.0,0.0
2023-08-16 13:58:00,504.0718,57.460300000000004,375.99315,-280.9201,188.53275000000002,10.724350000000001,-647.3759,-297.94145000000003,1.3699,1.2318,-0.1743,0.23945,1.9,0.0,15.0,0.0
2023-08-16 13:59:00,539.0409999999999,61.2356,391.87019999999995,-265.0742,190.8543,10.06145,-625.1866,-280.4856,1.3763,1.2393,-0.18635,0.2321,1.85,0.0,15.0,0.0
2023-08-16 14:00:00,574.6086,64.25559999999999,408.27885000000003,-244.2758,195.03820000000002,6.34315,-588.42645,-260.6817,1.4003999999999999,1.2589,-0.21695,0.2012,3.75,0.0,15.0,0.0
2023-08-16 14:01:00,620.8076000000001,68.57395,427.47685,-215.39945,200.43824999999998,1.7696999999999998,-540.4608000000001,-230.30485,1.42475,1.28235,-0.2501,0.17485,4.75,0.0,15.0,0.0
2023-08-16 14:02:00,628.0861500000001,59.25695,427.93325,-233.3139,197.59595000000002,3.42665,-563.9113,-243.20055,1.4154,1.2881,-0.23320000000000002,0.17075,5.3,0.0,15.0,0.0
2023-08-16 14:03:00,603.2464,53.453149999999994,422.9456,-245.00465,195.16230000000002,6.604900000000001,-584.22245,-253.8736,1.4021,1.2719999999999998,-0.2328,0.20074999999999998,5.55,0.0,15.0,0.0
2023-08-16 14:04:00,580.123,54.1559,412.5668,-249.2372,189.81459999999998,9.9454,-591.0554,-256.3905,1.40335,1.28235,-0.21135,0.2037,6.0,0.0,15.0,0.0
2023-08-16 14:05:00,547.81855,50.67585,392.1774,-257.57275000000004,185.01725,9.72625,-603.3198,-268.83585,1.38095,1.2532,-0.19525,0.23575,4.7,0.0,15.0,0.0
2023-08-16 14:06:00,516.68945,52.20115,379.885,-277.59125,183.2856,11.8726,-634.9554499999999,-291.625,1.3691,1.2396,-0.17775,0.24659999999999999,1.7000000000000002,0.0,15.0,0.0
2023-08-16 14:07:00,528.0016,54.965050000000005,383.82765,-268.21765,184.68470000000002,9.979600000000001,-618.77175,-282.76725,1.3764500000000002,1.2499,-0.1913,0.23395,4.0,0.0,15.0,0.0
2023-08-16 14:08:00,576.4772,58.54875,406.08225000000004,-240.2572,192.80765,7.0418,-570.58725,-250.644,1.39845,1.26905,-0.21955,0.20755,4.55,0.0,15.0,0.0
2023-08-16 14:09:00,495.80949999999996,53.632400000000004,371.25065,-278.9154,183.0995,13.575949999999999,-640.8011,-291.4397,1.36415,1.2379,-0.17370000000000002,0.24755,3.6500000000000004,0.0,15.0,0.0
2023-08-16 14:10:00,578.78145,60.06914999999999,410.76625,-223.2651,196.92825,5.8281,-547.31555,-233.99385,1.403,1.272,-0.2268,0.1997,5.5,-0.005,15.0,0.0
2023-08-16 14:11:00,584.75005,57.32625,416.57055,-225.88585,197.4748,7.628399999999999,-551.0551,-236.6501,1.3992,1.2708,-0.22465000000000002,0.19874999999999998,5.35,-0.01,15.0,0.0
2023-08-16 14:12:00,557.00735,54.387100000000004,404.55629999999996,-242.92915,194.90494999999999,9.72305,-582.0318500000001,-251.93535,1.3859,1.2567,-0.2032,0.22,5.0,0.0,15.0,0.0
2023-08-16 14:13:00,576.7825,58.510149999999996,410.95140000000004,-228.71370000000002,200.4282,6.2192,-556.35025,-240.09035,1.3992,1.26775,-0.2252,0.1977,4.95,-0.005,15.0,0.0
2023-08-16 14:14:00,509.91785000000004,47.663650000000004,383.02765,-274.1101,191.83125,13.3921,-632.30975,-282.43719999999996,1.36605,1.23685,-0.17465,0.24355,3.6,0.0,15.0,0.0
2023-08-16 14:15:00,466.7186,47.80915,363.70579999999995,-308.1219,186.90834999999998,16.64345,-691.86045,-320.4545,1.34395,1.2181,-0.1437,0.27215,3.6,0.0,15.0,0.0
2023-08-16 14:16:00,514.2049999999999,56.07605,384.7738,-280.13009999999997,193.06400000000002,12.934750000000001,-642.2369,-297.45645,1.3578999999999999,1.2302,-0.16415000000000002,0.25144999999999995,4.1,0.0,15.0,0.0
2023-08-16 14:17:00,554.9494,62.6131,401.8571,-248.60025,200.4708,7.02815,-583.6379,-268.56015,1.38525,1.2525,-0.20145000000000002,0.21775,4.05,0.0,15.0,0.0
2023-08-16 14:18:00,556.5325,62.8777,400.62325,-252.15965,199.269,7.4765999999999995,-592.2927500000001,-271.16200000000003,1.3837,1.2533,-0.20145000000000002,0.2188,4.05,0.0,15.0,0.0
2023-08-16 14:19:00,597.4541999999999,64.2936,419.35865,-229.56625,202.8284,4.0401,-555.6603,-246.7317,1.403,1.2717,-0.2286,0.19565,5.95,0.0,15.0,0.0
2023-08-16 14:20:00,618.6937,64.4389,431.22695,-226.68655,203.36329999999998,3.1704499999999998,-551.0107499999999,-242.9676,1.4059,1.2796,-0.23565,0.18875,5.45,0.0,15.0,0.0
2023-08-16 14:21:00,567.25135,58.947,403.35485,-251.1734,196.6188,7.6584,-586.8395,-268.15305,1.3886,1.26095,-0.21050000000000002,0.213,4.15,0.0,15.0,0.0
2023-08-16 14:22:00,534.3277,59.97695,390.30465000000004,-265.6646,192.17829999999998,8.7418,-607.6170999999999,-285.55830000000003,1.3768500000000001,1.2488000000000001,-0.19335,0.22825,3.8,0.0,15.0,0.0
2023-08-16 14:23:00,555.18365,59.56735,398.98475,-251.79149999999998,193.73020000000002,7.93835,-590.28,-268.0713,1.38565,1.2591,-0.2045,0.21735,5.25,0.0,15.0,0.0
2023-08-16 14:24:00,565.4681,57.24375,407.5145,-264.48900000000003,191.8151,9.694600000000001,-608.9787,-282.63604999999995,1.38665,1.2545000000000002,-0.20285,0.22194999999999998,1.95,0.0,15.0,0.0
2023-08-16 14:25:00,527.0026,53.864900000000006,387.34575,-280.74519999999995,187.42315000000002,10.890799999999999,-633.6688,-297.43264999999997,1.3725,1.24335,-0.1833,0.2351,2.95,0.0,15.0,0.0
2023-08-16 14:26:00,509.39515,54.12405,375.66065000000003,-275.5908,187.13395,10.531400000000001,-624.2127,-293.39235,1.36895,1.2424499999999998,-0.18295,0.23745,4.1,0.0,15.0,0.0
2023-08-16 14:27:00,548.3175,56.22065,391.54095,-248.81545,193.0306,5.74815,-579.07585,-265.2052,1.3869,1.25835,-0.20984999999999998,0.21165,3.8,0.0,15.0,0.0
2023-08-16 14:28:00,509.36585,51.328199999999995,375.1458,-277.2816,187.76665,9.9498,-626.28745,-293.57325000000003,1.3676,1.24195,-0.1846,0.23735,3.6,0.0,15.0,0.0
2023-08-16 14:29:00,493.781,52.263549999999995,370.52234999999996,-296.8464,184.4975,12.9634,-666.51035,-314.74065,1.35575,1.23055,-0.16765,0.25270000000000004,3.0,0.0,15.0,0.0
2023-08-16 14:30:00,545.5138999999999,56.406499999999994,400.46735,-273.81759999999997,189.9707,10.638449999999999,-627.9352,-291.12735,1.37205,1.2486,-0.18925,0.2319,4.0,0.0,15.0,0.0
2023-08-16 14:31:00,591.3672,57.7631,417.39765,-243.98194999999998,198.80095,5.374700000000001,-573.07765,-261.0783,1.4036,1.27515,-0.2271,0.19055,3.95,0.0,15.0,0.0
2023-08-16 14:32:00,552.2036,52.76025,401.52819999999997,-263.3496,194.10545000000002,10.19615,-606.99605,-277.1971,1.3764500000000002,1.2538,-0.1947,0.22235,4.8,0.0,15.0,0.0
2023-08-16 14:33:00,560.0307499999999,56.9119,401.21389999999997,-245.66789999999997,198.15985,5.270099999999999,-573.483,-261.84625,1.3893499999999999,1.2619,-0.21234999999999998,0.2069,4.6,0.0,15.0,0.0
2023-08-16 14:34:00,572.60925,60.2385,405.18165,-240.5061,200.8556,3.4712,-559.3678,-259.78935,1.39985,1.26795,-0.22715000000000002,0.19690000000000002,5.4,0.005,15.0,0.0
2023-08-16 14:35:00,555.37365,50.9191,401.97725,-265.20915,197.61165,7.7754,-606.57705,-280.15954999999997,1.37935,1.25055,-0.2027,0.2168,3.9,-0.01,15.0,0.0
2023-08-16 14:36:00,542.9687,57.8887,393.04705,-260.48834999999997,197.3783,6.102650000000001,-596.24215,-281.52305,1.3786,1.2498,-0.1991,0.22075,3.9,0.0,15.0,0.0
2023-08-16 14:37:00,581.8800000000001,59.49365,412.74195,-254.75060000000002,201.2819,5.72425,-586.70335,-274.91535,1.3862999999999999,1.2556,-0.21415,0.2083,4.8,0.005,15.0,0.0
2023-08-16 14:38:00,516.6903500000001,51.7615,383.27689999999996,-282.3489,194.2653,9.745750000000001,-631.73925,-300.46630000000005,1.36695,1.2383,-0.18205,0.23505,3.1500000000000004,0.0,15.0,0.0
2023-08-16 14:39:00,543.3757,53.1769,394.83619999999996,-267.68125,199.4983,5.9712,-607.32735,-284.545,1.3783,1.2478,-0.19985,0.21965,4.35,0.0,15.0,0.0
2023-08-16 14:40:00,512.9870000000001,49.10465,377.58389999999997,-278.60015,197.1532,7.1418,-625.9981,-294.72704999999996,1.3681999999999999,1.2372,-0.1838,0.23555,2.3499999999999996,0.0,15.0,0.0
2023-08-16 14:41:00,560.2034,56.6986,400.40405,-257.1077,203.81045,2.9225,-592.50025,-273.70074999999997,1.3831,1.2513,-0.2044,0.2138,4.1,0.0,15.0,0.0
2023-08-16 14:42:00,548.98775,56.06555,393.19939999999997,-261.83275000000003,202.6629,2.6678499999999996,-601.44955,-282.8002,1.3776,1.2478,-0.20074999999999998,0.21710000000000002,4.2,0.0,15.0,0.0
2023-08-16 14:43:00,594.5716500000001,64.74170000000001,416.5639,-243.09365,208.5321,0.11125000000000002,-569.79075,-265.77495,1.3945500000000002,1.2631,-0.2238,0.1996,5.5,0.0,15.0,0.0
2023-08-16 14:44:00,601.29065,69.38589999999999,416.25775,-233.33525,209.86509999999998,-2.7667,-552.9513,-257.69084999999995,1.4009,1.2692,-0.23275,0.18835,6.15,0.0,15.0,0.0
2023-08-16 14:45:00,616.7027,71.01474999999999,424.19045,-231.22160000000002,210.0165,-2.4044,-548.24665,-256.96675,1.40585,1.27475,-0.24125,0.18345,4.699999999999999,0.0,15.0,0.0
2023-08-16 14:46:00,610.3459499999999,69.72184999999999,420.3221,-234.02634999999998,207.113,-2.75115,-551.1795,-260.24845000000005,1.4019,1.2737500000000002,-0.2345,0.18464999999999998,5.9,0.0,15.0,0.0
2023-08-16 14:47:00,595.6631500000001,66.8984,412.71115,-241.18804999999998,204.53255000000001,-1.67,-562.259,-267.215,1.3981,1.2694,-0.2316,0.19335,4.4,0.0,15.0,0.0
2023-08-16 14:48:00,621.22495,71.4761,422.31985,-221.64885,207.9495,-5.6483,-531.7103999999999,-244.93220000000002,1.42175,1.28635,-0.2596,0.17154999999999998,6.8,-0.01,15.0,0.0
2023-08-16 14:49:00,598.13905,64.35115,414.07465,-252.20585,202.67675,-0.9902,-580.1174,-275.51665,1.3996499999999998,1.2701,-0.2336,0.1899,3.95,0.0,15.0,0.0
2023-08-16 14:50:00,609.15385,64.54814999999999,417.0136,-245.37885,201.9475,-0.33065,-575.9496,-267.5078,1.39655,1.27155,-0.23265,0.1912,5.85,0.0,15.0,0.0
2023-08-16 14:51:00,681.5115000000001,67.17439999999999,448.98845,-223.08085,205.66455,-1.1901,-544.5265999999999,-243.04365,1.4183,1.2983,-0.26539999999999997,0.16755,6.5,0.0,15.0,0.0
2023-08-16 14:52:00,657.00325,62.0932,441.52290000000005,-249.20225,203.3518,-0.4134,-586.96105,-265.01655,1.4045,1.2777,-0.24309999999999998,0.1742,5.8,0.0,15.0,0.0
2023-08-16 14:53:00,555.7996,61.9101,393.42385,-256.8634,196.42725000000002,3.1285499999999997,-594.5576,-279.5484,1.3822,1.2612,-0.21534999999999999,0.21825,4.55,0.0,15.0,0.0
2023-08-16 14:54:00,538.1123,56.0347,386.4475,-275.18534999999997,193.37625,5.0179,-619.0036,-296.34965,1.3709500000000001,1.25035,-0.19905,0.22675,4.05,0.0,15.0,0.0
2023-08-16 14:55:00,526.9208,51.71235,383.7623,-295.34794999999997,190.68195,8.71495,-652.8118,-315.8527,1.359,1.24085,-0.1835,0.24135,4.5,0.0,15.0,0.0
2023-08-16 14:56:00,502.02909999999997,49.2849,370.95505,-302.59884999999997,188.93945000000002,8.5012,-663.12405,-323.4175,1.35285,1.2333,-0.17355,0.252,3.1500000000000004,0.0,15.0,0.0
2023-08-16 14:57:00,545.0735500000001,58.235600000000005,389.6626,-268.42035,196.0605,4.94205,-608.4221,-289.0575,1.3724500000000002,1.251,-0.202,0.22360000000000002,3.6,0.0,15.0,0.0
2023-08-16 14:58:00,539.3916999999999,59.5589,389.7324,-273.95799999999997,195.07569999999998,7.2922,-623.1188500000001,-297.06245,1.3675,1.2443,-0.1982,0.22954999999999998,3.9,0.0,15.0,0.0
2023-08-16 14:59:00,538.60475,60.680099999999996,389.9696,-271.6077,195.24009999999998,5.77575,-615.1492499999999,-295.3698,1.37005,1.2467,-0.19945000000000002,0.22725,4.6,0.0,15.0,0.0
2023-08-16 15:00:00,535.8546,58.7802,388.67085,-270.96685,195.12689999999998,6.4153,-615.3849,-293.2427,1.3683,1.24565,-0.19824999999999998,0.22785,4.4,0.0,15.0,0.0
2023-08-16 15:01:00,497.2021,45.8549,371.95065,-302.38054999999997,190.41955000000002,10.494299999999999,-660.9897000000001,-320.61255,1.34985,1.22845,-0.17304999999999998,0.2517,3.8,0.0,15.0,0.0
2023-08-16 15:02:00,498.14675,45.27525,372.38485000000003,-304.68065,191.23775,10.2558,-663.7437,-323.68155,1.3494,1.22695,-0.1738,0.2505,3.4,0.0,15.0,0.0
2023-08-16 15:03:00,460.00925,45.87285,355.18155,-329.8968,186.8392,13.4262,-708.0052499999999,-351.46495,1.33285,1.2115,-0.1501,0.2734,2.55,0.0,15.0,0.0
2023-08-16 15:04:00,473.35699999999997,50.728899999999996,365.95984999999996,-330.9871,187.3477,15.328700000000001,-717.4120499999999,-353.95815,1.33,1.2096,-0.1464,0.27575000000000005,2.75,0.0,15.0,0.0
2023-08-16 15:05:00,502.95849999999996,53.47795,375.106,-294.62149999999997,194.2193,9.160900000000002,-646.56795,-317.65885000000003,1.35,1.2247,-0.17525000000000002,0.24659999999999999,3.95,0.0,15.0,0.0
2023-08-16 15:06:00,485.6643,48.533500000000004,371.0172,-321.828,190.7692,12.4925,-693.4579,-344.6624,1.3408,1.2156,-0.16649999999999998,0.255,2.4,0.0,15.0,0.0
2023-08-16 15:07:00,488.8274,56.551249999999996,369.92335,-316.6035,192.55970000000002,12.1665,-690.97865,-343.1164,1.3415,1.21685,-0.16670000000000001,0.25805,1.3,0.0,15.0,0.0
2023-08-16 15:08:00,480.98525,56.5455,363.99205,-318.95820000000003,192.04205000000002,10.5048,-692.34115,-347.13554999999997,1.34365,1.21625,-0.1687,0.25570000000000004,1.95,0.0,15.0,0.0
2023-08-16 15:09:00,490.27515,63.131600000000006,369.7806,-318.88235,191.96525,10.84545,-694.6325999999999,-351.5593,1.3435,1.2154500000000001,-0.16885,0.255,2.8,0.0,15.0,0.0
2023-08-16 15:10:00,498.51599999999996,62.07585,369.25115,-296.49645,194.9997,6.3024000000000004,-650.98275,-327.39875,1.3547500000000001,1.22675,-0.1847,0.2397,2.8,0.0,15.0,0.0
2023-08-16 15:11:00,488.77459999999996,57.59025,367.60425,-313.0254,193.07845,10.2183,-680.7437,-341.7958,1.34375,1.2175,-0.16975,0.2539,3.1,0.0,15.0,0.0
2023-08-16 15:12:00,481.865,63.20315,365.08655,-316.96569999999997,191.59645,11.2566,-695.3948,-349.3787,1.3381,1.2124,-0.1598,0.26439999999999997,2.4,0.0,15.0,0.0
2023-08-16 15:13:00,525.2839,68.9541,385.3372,-282.3067,199.26100000000002,6.73585,-637.4898499999999,-313.51980000000003,1.35705,1.2298499999999999,-0.18914999999999998,0.2369,4.5,0.0,15.0,0.0
